Year,AAPL,NVDA,TSLA
2010,7.96,0.25,1.67
2010,7.76,0.24,2.03
2010,7.67,0.24,1.73
2010,7.55,0.24,1.54
2010,7.61,0.24,1.33
2010,7.79,0.25,1.11
2010,7.91,0.25,1.17
2010,7.82,0.24,1.19
2010,7.88,0.24,1.2
2010,7.72,0.25,1.24
2010,7.7,0.26,1.34
2010,7.73,0.25,1.43
2010,7.67,0.25,1.42
2010,7.52,0.24,1.48
2010,7.61,0.25,1.46
2010,7.98,0.25,1.39
2010,7.82,0.24,1.42
2010,7.84,0.24,1.44
2010,7.83,0.24,1.43
2010,7.97,0.24,1.41
2010,8.0,0.24,1.39
2010,7.9,0.22,1.39
2010,7.82,0.21,1.36
2010,7.9,0.22,1.4
2010,7.92,0.21,1.46
2010,7.95,0.21,1.48
2010,7.92,0.22,1.44
2010,7.87,0.22,1.34
2010,7.89,0.22,1.33
2010,7.84,0.22,1.31
2010,7.69,0.21,1.26
2010,7.62,0.21,1.19
2010,7.58,0.22,1.23
2010,7.52,0.22,1.25
2010,7.66,0.22,1.29
2010,7.66,0.22,1.31
2010,7.63,0.23,1.28
2010,7.64,0.23,1.27
2010,7.58,0.24,1.36
2010,7.31,0.23,1.31
2010,7.34,0.23,1.33
2010,7.4,0.23,1.35
2010,7.3,0.23,1.32
2010,7.4,0.23,1.35
2010,7.36,0.22,1.32
2010,7.57,0.22,1.38
2010,7.59,0.22,1.42
2010,7.79,0.23,1.42
2010,7.81,0.23,1.4
2010,7.96,0.24,1.4
2010,8.02,0.24,1.4
2010,7.96,0.24,1.4
2010,8.07,0.25,1.39
2010,8.1,0.24,1.44
2010,8.14,0.24,1.47
2010,8.33,0.24,1.54
2010,8.36,0.24,1.42
2010,8.54,0.25,1.42
2010,8.65,0.26,1.44
2010,8.67,0.26,1.4
2010,8.81,0.27,1.34
2010,8.83,0.28,1.35
2010,8.87,0.28,1.39
2010,8.78,0.28,1.43
2010,8.72,0.28,1.47
2010,8.73,0.28,1.48
2010,8.62,0.27,1.38
2010,8.51,0.26,1.41
2010,8.71,0.26,1.42
2010,8.79,0.26,1.42
2010,8.74,0.25,1.38
2010,8.86,0.25,1.39
2010,8.95,0.25,1.38
2010,9.01,0.25,1.35
2010,9.09,0.26,1.39
2010,9.1,0.26,1.4
2010,9.48,0.26,1.39
2010,9.6,0.26,1.38
2010,9.44,0.26,1.36
2010,9.46,0.27,1.38
2010,9.47,0.26,1.4
2010,9.33,0.27,1.4
2010,9.38,0.28,1.4
2010,9.32,0.28,1.46
2010,9.33,0.28,1.43
2010,9.27,0.28,1.43
2010,9.21,0.28,1.46
2010,9.2,0.28,1.52
2010,9.33,0.29,1.46
2010,9.42,0.29,1.5
2010,9.64,0.29,1.69
2010,9.62,0.29,1.66
2010,9.62,0.29,1.67
2010,9.67,0.29,1.71
2010,9.59,0.29,2.0
2010,9.58,0.29,1.94
2010,9.52,0.31,2.03
2010,9.35,0.31,2.2
2010,9.26,0.3,2.09
2010,9.15,0.3,2.05
2010,9.32,0.31,2.05
2010,9.28,0.32,2.09
2010,9.43,0.32,2.23
2010,9.38,0.32,2.38
2010,9.49,0.32,2.4
2010,9.56,0.32,2.4
2010,9.55,0.32,2.4
2010,9.46,0.31,2.36
2010,9.56,0.33,2.43
2010,9.6,0.33,2.29
2010,9.59,0.34,2.15
2010,9.7,0.34,2.1
2010,9.75,0.35,2.16
2010,9.66,0.35,2.17
2010,9.71,0.34,2.18
2010,9.66,0.35,2.19
2010,9.78,0.34,2.12
2010,9.71,0.35,2.03
2010,9.72,0.34,2.0
2010,9.71,0.33,2.06
2010,9.68,0.33,2.1
2010,9.73,0.33,2.15
2010,9.76,0.34,2.18
2010,9.8,0.35,2.19
2010,9.78,0.34,2.17
2010,9.79,0.35,1.91
2010,9.83,0.35,1.78
2010,9.82,0.35,1.87
2010,9.8,0.35,1.86
2010,9.73,0.35,1.82
2011,9.94,0.37,1.8
2011,10.01,0.36,1.8
2011,10.06,0.39,1.79
2011,10.09,0.44,1.87
2011,10.12,0.46,1.91
2011,10.33,0.47,1.91
2011,10.38,0.48,1.91
2011,10.37,0.54,1.83
2011,10.43,0.55,1.8
2011,10.49,0.55,1.77
2011,10.38,0.54,1.71
2011,10.49,0.54,1.7
2011,10.18,0.52,1.63
2011,10.08,0.53,1.57
2011,10.16,0.57,1.65
2011,10.28,0.57,1.66
2011,10.4,0.57,1.66
2011,10.37,0.57,1.67
2011,10.36,0.57,1.66
2011,10.23,0.56,1.61
2011,10.4,0.57,1.65
2011,10.39,0.6,1.61
2011,10.36,0.59,1.59
2011,10.43,0.59,1.58
2011,10.63,0.58,1.55
2011,10.7,0.57,1.68
2011,10.8,0.55,1.61
2011,10.83,0.53,1.58
2011,10.77,0.56,1.58
2011,10.82,0.56,1.61
2011,10.83,0.53,1.54
2011,10.98,0.54,1.66
2011,10.84,0.6,1.7
2011,10.82,0.59,1.57
2011,10.39,0.57,1.53
2011,10.37,0.54,1.5
2011,10.39,0.53,1.51
2011,10.49,0.54,1.59
2011,10.68,0.54,1.61
2011,10.7,0.53,1.62
2011,10.66,0.51,1.62
2011,10.83,0.49,1.65
2011,10.84,0.48,1.67
2011,10.88,0.48,1.69
2011,10.76,0.48,1.66
2011,10.68,0.45,1.67
2011,10.53,0.43,1.63
2011,10.6,0.43,1.62
2011,10.73,0.43,1.6
2011,10.47,0.41,1.53
2011,10.32,0.42,1.55
2011,10.22,0.41,1.56
2011,10.18,0.42,1.55
2011,10.22,0.42,1.54
2011,10.31,0.41,1.52
2011,10.24,0.41,1.48
2011,10.41,0.45,1.49
2011,10.59,0.45,1.53
2011,10.66,0.45,1.57
2011,10.56,0.44,1.6
2011,10.56,0.44,1.63
2011,10.53,0.43,1.91
2011,10.58,0.43,1.88
2011,10.37,0.42,1.8
2011,10.3,0.41,1.8
2011,10.35,0.41,1.8
2011,10.24,0.42,1.86
2011,10.24,0.42,1.84
2011,10.1,0.41,1.77
2011,10.04,0.4,1.68
2011,10.12,0.41,1.71
2011,10.11,0.42,1.69
2011,10.04,0.43,1.75
2011,10.0,0.42,1.71
2011,10.17,0.42,1.68
2011,10.4,0.43,1.74
2011,10.69,0.43,1.8
2011,10.65,0.44,1.78
2011,10.68,0.45,1.82
2011,10.6,0.44,1.82
2011,10.53,0.46,1.85
2011,10.65,0.47,1.86
2011,10.55,0.47,1.85
2011,10.53,0.45,1.83
2011,10.59,0.44,1.8
2011,10.56,0.43,1.83
2011,10.53,0.45,1.85
2011,10.51,0.46,1.87
2011,10.52,0.46,1.93
2011,10.53,0.46,1.89
2011,10.45,0.47,1.85
2011,10.42,0.44,1.88
2011,10.27,0.42,1.87
2011,10.12,0.4,1.8
2011,10.26,0.42,1.76
2011,10.3,0.42,1.9
2011,10.26,0.42,1.89
2011,10.11,0.42,1.84
2011,10.11,0.43,1.83
2011,10.19,0.42,1.93
2011,10.14,0.44,1.98
2011,10.16,0.45,1.98
2011,10.47,0.46,2.02
2011,10.6,0.46,2.01
2011,10.47,0.44,1.95
2011,10.39,0.44,2.1
2011,10.44,0.43,2.01
2011,10.18,0.42,1.96
2011,10.08,0.41,1.91
2011,10.04,0.4,1.87
2011,9.98,0.4,1.89
2011,9.88,0.4,1.93
2011,10.03,0.4,1.98
2011,9.94,0.39,1.9
2011,9.89,0.39,1.87
2011,9.91,0.38,1.85
2011,9.56,0.37,1.76
2011,9.8,0.37,1.85
2011,9.9,0.37,1.88
2011,9.98,0.37,1.85
2011,10.03,0.37,1.86
2011,10.05,0.36,1.89
2011,10.13,0.36,1.88
2011,10.12,0.36,1.94
2011,10.12,0.37,1.96
2011,10.34,0.37,1.97
2011,10.53,0.37,1.97
2011,10.66,0.36,1.94
2011,10.77,0.36,2.0
2011,10.83,0.36,1.99
2011,10.83,0.35,1.9
2011,10.76,0.34,1.94
2011,10.83,0.34,1.94
2011,10.88,0.34,1.93
2011,10.98,0.33,1.86
2011,11.27,0.32,1.83
2011,11.39,0.33,1.87
2011,11.93,0.33,2.03
2011,11.74,0.34,1.94
2011,11.89,0.35,1.97
2011,12.04,0.34,1.95
2011,12.17,0.34,1.92
2011,12.12,0.33,1.9
2011,11.95,0.32,1.9
2011,11.89,0.32,1.89
2011,12.02,0.33,1.93
2011,11.97,0.35,1.95
2011,11.84,0.34,1.86
2011,11.78,0.33,1.79
2011,11.54,0.32,1.69
2011,11.07,0.29,1.63
2011,11.27,0.3,1.7
2011,11.27,0.3,1.7
2011,11.3,0.31,1.72
2011,11.42,0.34,1.81
2011,11.59,0.31,1.78
2011,11.54,0.31,1.77
2011,11.57,0.3,1.78
2011,11.21,0.28,1.68
2011,11.04,0.28,1.61
2011,10.98,0.28,1.59
2011,11.24,0.3,1.54
2011,11.4,0.3,1.6
2011,11.3,0.3,1.59
2011,11.55,0.3,1.6
2011,11.78,0.31,1.66
2011,11.79,0.32,1.65
2011,11.8,0.32,1.7
2011,11.66,0.32,1.66
2011,11.38,0.3,1.6
2011,11.45,0.3,1.55
2011,11.6,0.34,1.6
2011,11.69,0.33,1.6
2011,11.62,0.33,1.57
2011,11.46,0.33,1.55
2011,11.62,0.33,1.61
2011,11.8,0.35,1.66
2011,11.85,0.36,1.66
2011,12.05,0.37,1.72
2011,12.44,0.35,1.72
2011,12.73,0.35,1.77
2011,12.69,0.35,1.8
2011,12.33,0.32,1.74
2011,12.24,0.33,1.77
2011,12.16,0.32,1.77
2011,12.32,0.33,1.8
2011,12.15,0.33,1.77
2011,12.1,0.32,1.72
2011,11.7,0.3,1.66
2011,11.52,0.29,1.67
2011,11.49,0.3,1.62
2011,11.43,0.31,1.72
2011,11.58,0.32,1.84
2011,11.37,0.33,1.84
2011,11.7,0.34,1.88
2011,12.13,0.34,1.85
2011,12.32,0.34,1.87
2011,12.29,0.36,1.9
2011,12.7,0.36,1.9
2011,12.84,0.36,1.87
2011,12.78,0.36,1.9
2011,12.29,0.36,1.87
2011,12.05,0.34,1.83
2011,12.01,0.34,1.89
2011,12.23,0.35,1.93
2011,12.23,0.34,1.92
2011,12.11,0.34,1.89
2011,12.31,0.35,1.93
2011,12.23,0.36,2.0
2011,12.32,0.35,1.97
2011,12.02,0.33,1.93
2011,12.05,0.33,1.95
2011,12.14,0.34,2.17
2011,12.14,0.34,2.16
2011,12.04,0.34,2.13
2011,12.28,0.35,2.13
2011,12.06,0.34,2.1
2011,11.95,0.34,2.1
2011,11.7,0.35,2.3
2011,11.59,0.35,2.24
2011,11.72,0.34,2.29
2011,11.77,0.34,2.33
2011,11.57,0.33,2.33
2011,11.44,0.32,2.27
2011,11.19,0.34,2.16
2011,11.37,0.35,2.19
2011,11.31,0.34,2.14
2011,11.17,0.33,2.16
2011,11.34,0.35,2.22
2011,11.4,0.35,2.2
2011,11.5,0.36,2.2
2011,11.71,0.36,2.27
2011,11.85,0.37,2.25
2011,11.93,0.37,2.33
2011,11.88,0.36,2.33
2011,11.76,0.35,2.33
2011,11.9,0.35,2.11
2011,11.86,0.34,2.07
2011,11.85,0.34,2.04
2011,11.9,0.34,2.06
2011,11.66,0.32,1.98
2011,11.55,0.32,1.94
2011,11.56,0.32,1.93
2011,11.58,0.31,1.9
2011,11.92,0.32,1.9
2011,11.96,0.32,1.87
2011,12.01,0.33,1.87
2011,12.15,0.33,1.87
2011,12.31,0.33,1.92
2011,12.29,0.32,1.95
2011,12.21,0.32,1.96
2011,12.23,0.32,1.93
2012,12.41,0.33,1.97
2012,12.48,0.33,1.91
2012,12.6,0.34,1.86
2012,12.72,0.34,1.85
2012,12.87,0.34,1.83
2012,12.82,0.34,1.85
2012,12.73,0.33,1.89
2012,12.73,0.33,1.91
2012,12.65,0.32,1.9
2012,12.82,0.32,1.82
2012,12.92,0.32,1.79
2012,12.98,0.33,1.85
2012,12.87,0.33,1.8
2012,12.89,0.34,1.81
2012,12.79,0.34,1.85
2012,13.68,0.34,1.87
2012,13.51,0.35,1.97
2012,13.5,0.34,1.98
2012,13.66,0.34,1.97
2012,13.79,0.34,2.0
2012,13.81,0.35,1.98
2012,13.76,0.36,2.06
2012,13.84,0.37,2.09
2012,13.99,0.36,2.13
2012,14.14,0.36,2.12
2012,14.35,0.38,2.13
2012,14.95,0.38,2.19
2012,14.98,0.37,2.15
2012,15.16,0.38,2.14
2012,15.33,0.38,2.25
2012,15.84,0.39,2.29
2012,15.19,0.38,2.3
2012,15.28,0.38,2.33
2012,15.49,0.37,2.32
2012,15.51,0.37,2.31
2012,15.58,0.37,2.33
2012,15.74,0.37,2.3
2012,15.9,0.36,2.27
2012,16.11,0.36,2.3
2012,16.48,0.36,2.27
2012,16.5,0.35,2.3
2012,16.46,0.36,2.3
2012,16.48,0.35,2.29
2012,16.06,0.34,2.22
2012,16.18,0.34,2.22
2012,16.34,0.34,2.23
2012,16.48,0.34,2.35
2012,16.61,0.34,2.42
2012,17.1,0.34,2.44
2012,17.9,0.34,2.4
2012,18.06,0.34,2.37
2012,17.73,0.34,2.39
2012,18.11,0.34,2.35
2012,18.26,0.33,2.35
2012,18.35,0.33,2.35
2012,18.19,0.33,2.34
2012,18.11,0.33,2.31
2012,18.27,0.34,2.54
2012,18.55,0.34,2.66
2012,18.7,0.35,2.56
2012,18.55,0.35,2.55
2012,18.37,0.36,2.53
2012,18.62,0.36,2.53
2012,19.03,0.35,2.56
2012,18.83,0.34,2.37
2012,19.1,0.34,2.36
2012,19.26,0.33,2.29
2012,19.38,0.33,2.26
2012,19.17,0.34,2.22
2012,19.0,0.34,2.3
2012,18.8,0.34,2.27
2012,18.37,0.33,2.25
2012,18.36,0.33,2.2
2012,18.67,0.32,2.18
2012,18.2,0.33,2.23
2012,17.89,0.32,2.25
2012,17.35,0.3,2.2
2012,17.08,0.31,2.15
2012,18.6,0.3,2.2
2012,18.5,0.3,2.23
2012,18.24,0.3,2.24
2012,18.01,0.3,2.22
2012,17.96,0.31,2.28
2012,17.68,0.3,2.29
2012,17.8,0.3,2.27
2012,17.4,0.29,2.16
2012,17.24,0.29,2.17
2012,17.2,0.29,2.18
2012,17.27,0.29,2.05
2012,17.33,0.29,2.31
2012,17.29,0.31,2.23
2012,17.08,0.31,2.14
2012,16.95,0.31,2.06
2012,16.76,0.3,2.01
2012,16.48,0.3,1.99
2012,16.35,0.29,1.9
2012,16.9,0.28,1.95
2012,17.27,0.28,2.09
2012,17.24,0.29,2.07
2012,17.35,0.29,2.08
2012,17.03,0.29,2.03
2012,17.27,0.29,2.13
2012,17.45,0.29,2.09
2012,17.5,0.29,2.02
2012,17.23,0.28,1.94
2012,17.08,0.28,1.89
2012,17.05,0.28,1.89
2012,17.27,0.28,1.96
2012,17.37,0.29,1.99
2012,17.47,0.28,2.01
2012,17.71,0.29,2.07
2012,17.35,0.29,1.99
2012,17.41,0.29,2.04
2012,17.26,0.28,2.04
2012,17.29,0.28,2.0
2012,17.69,0.29,2.16
2012,17.76,0.31,2.18
2012,17.73,0.31,2.3
2012,17.7,0.31,2.29
2012,17.52,0.3,2.27
2012,17.45,0.3,2.27
2012,17.29,0.29,2.16
2012,17.36,0.3,2.16
2012,17.27,0.31,2.14
2012,17.57,0.32,2.19
2012,17.86,0.32,2.12
2012,18.06,0.32,2.07
2012,18.49,0.32,2.11
2012,18.31,0.31,2.12
2012,18.47,0.31,2.12
2012,18.65,0.31,2.17
2012,18.29,0.3,2.11
2012,18.16,0.29,2.2
2012,18.27,0.29,2.29
2012,18.41,0.29,2.4
2012,18.4,0.29,2.35
2012,18.31,0.3,2.24
2012,18.52,0.31,2.21
2012,18.49,0.3,2.15
2012,18.23,0.3,2.09
2012,18.35,0.3,2.07
2012,17.48,0.3,2.0
2012,17.47,0.31,2.0
2012,17.63,0.31,1.98
2012,18.04,0.31,2.02
2012,18.41,0.31,1.86
2012,18.55,0.32,1.87
2012,18.38,0.31,1.79
2012,18.6,0.32,1.84
2012,18.8,0.32,1.91
2012,18.81,0.33,2.06
2012,18.77,0.33,2.0
2012,18.79,0.34,2.0
2012,18.79,0.35,2.0
2012,19.04,0.34,2.09
2012,19.3,0.34,2.08
2012,19.16,0.34,1.98
2012,19.24,0.34,2.03
2012,19.59,0.34,2.05
2012,20.1,0.34,2.03
2012,20.4,0.34,2.0
2012,20.22,0.34,2.0
2012,20.25,0.34,2.06
2012,20.23,0.34,2.02
2012,20.58,0.34,1.98
2012,20.43,0.33,1.96
2012,20.48,0.33,1.91
2012,20.3,0.33,1.92
2012,20.21,0.33,1.92
2012,20.4,0.32,1.93
2012,20.44,0.31,1.9
2012,20.5,0.32,1.93
2012,20.63,0.31,1.97
2012,20.65,0.31,1.96
2012,20.25,0.31,1.88
2012,20.25,0.31,1.91
2012,20.72,0.32,1.97
2012,21.06,0.32,2.04
2012,21.15,0.32,2.19
2012,21.23,0.31,2.13
2012,21.28,0.32,2.12
2012,21.16,0.32,2.1
2012,21.31,0.32,2.1
2012,21.01,0.31,2.07
2012,20.94,0.32,1.97
2012,20.33,0.31,1.89
2012,20.62,0.3,1.9
2012,20.59,0.31,1.99
2012,20.45,0.31,1.99
2012,20.14,0.3,1.99
2012,20.31,0.3,2.0
2012,20.38,0.31,2.01
2012,20.13,0.32,1.99
2012,19.57,0.31,1.96
2012,19.36,0.3,1.94
2012,19.49,0.3,1.91
2012,19.56,0.29,1.93
2012,19.2,0.29,1.92
2012,19.2,0.29,1.87
2012,19.65,0.3,1.87
2012,19.73,0.3,1.92
2012,19.4,0.3,1.93
2012,19.09,0.29,1.88
2012,19.2,0.28,1.87
2012,19.16,0.28,1.9
2012,18.94,0.29,1.9
2012,18.8,0.28,1.85
2012,18.56,0.28,1.85
2012,18.19,0.28,1.89
2012,18.22,0.29,1.97
2012,18.04,0.29,1.97
2012,17.76,0.3,2.11
2012,17.85,0.3,2.08
2012,17.44,0.3,2.14
2012,17.07,0.3,2.13
2012,16.85,0.3,2.06
2012,16.84,0.28,2.09
2012,16.71,0.28,2.13
2012,16.62,0.28,2.14
2012,16.38,0.27,2.1
2012,16.09,0.27,2.13
2012,17.23,0.27,2.22
2012,17.36,0.27,2.21
2012,17.23,0.27,2.23
2012,17.37,0.28,2.19
2012,17.91,0.28,2.15
2012,17.93,0.28,2.18
2012,17.79,0.28,2.29
2012,18.04,0.28,2.27
2012,17.86,0.28,2.29
2012,18.05,0.28,2.33
2012,17.66,0.28,2.32
2012,17.28,0.28,2.28
2012,16.8,0.28,2.32
2012,16.86,0.28,2.3
2012,16.35,0.29,2.32
2012,16.69,0.3,2.37
2012,16.64,0.29,2.39
2012,16.32,0.29,2.35
2012,15.73,0.29,2.29
2012,15.79,0.29,2.3
2012,16.24,0.29,2.34
2012,16.2,0.3,2.35
2012,16.1,0.29,2.32
2012,15.78,0.29,2.28
2012,15.92,0.29,2.29
2012,15.77,0.29,2.3
2012,15.67,0.28,2.26
2012,15.62,0.28,2.24
2012,16.26,0.28,2.26
2013,16.85,0.29,2.36
2013,16.69,0.3,2.36
2013,16.35,0.3,2.32
2013,16.07,0.3,2.32
2013,16.15,0.3,2.3
2013,15.94,0.29,2.28
2013,16.05,0.29,2.27
2013,15.95,0.28,2.27
2013,15.41,0.28,2.23
2013,15.15,0.28,2.28
2013,15.47,0.28,2.28
2013,15.51,0.28,2.32
2013,15.25,0.28,2.32
2013,15.42,0.28,2.37
2013,15.64,0.28,2.42
2013,14.14,0.28,2.51
2013,13.85,0.29,2.5
2013,13.76,0.29,2.58
2013,13.97,0.29,2.56
2013,14.04,0.29,2.53
2013,13.94,0.29,2.52
2013,13.95,0.29,2.57
2013,13.84,0.29,2.56
2013,13.96,0.29,2.58
2013,14.16,0.29,2.63
2013,14.35,0.29,2.65
2013,14.62,0.29,2.67
2013,14.81,0.29,2.61
2013,14.73,0.29,2.59
2013,14.46,0.29,2.6
2013,14.4,0.29,2.58
2013,14.36,0.3,2.57
2013,14.13,0.29,2.62
2013,13.98,0.3,2.64
2013,13.72,0.29,2.49
2013,13.79,0.29,2.43
2013,13.9,0.29,2.45
2013,13.79,0.29,2.33
2013,13.82,0.29,2.36
2013,13.68,0.3,2.41
2013,13.38,0.3,2.34
2013,13.08,0.3,2.39
2013,13.29,0.3,2.46
2013,13.29,0.3,2.53
2013,13.19,0.3,2.58
2013,13.3,0.3,2.63
2013,13.41,0.3,2.63
2013,13.4,0.3,2.63
2013,13.27,0.3,2.63
2013,13.27,0.3,2.59
2013,13.57,0.3,2.44
2013,13.97,0.29,2.4
2013,14.08,0.29,2.37
2013,13.98,0.29,2.4
2013,13.99,0.29,2.47
2013,14.11,0.29,2.45
2013,14.35,0.29,2.57
2013,14.23,0.29,2.55
2013,13.95,0.3,2.56
2013,13.8,0.3,2.55
2013,13.55,0.3,3.11
2013,13.38,0.29,3.03
2013,13.35,0.29,2.9
2013,13.28,0.29,2.82
2013,12.98,0.29,2.8
2013,13.05,0.29,2.84
2013,13.09,0.3,2.79
2013,13.35,0.3,2.8
2013,13.38,0.3,2.97
2013,13.26,0.31,3.01
2013,13.07,0.3,2.92
2013,13.03,0.3,3.08
2013,12.84,0.3,3.06
2013,12.39,0.3,3.17
2013,12.2,0.29,3.33
2013,12.28,0.29,3.35
2013,12.47,0.3,3.53
2013,12.68,0.31,3.4
2013,12.64,0.31,3.49
2013,12.79,0.31,3.58
2013,13.24,0.32,3.67
2013,13.6,0.32,3.88
2013,13.59,0.32,3.73
2013,13.7,0.32,3.68
2013,13.84,0.32,3.76
2013,14.11,0.32,3.98
2013,14.22,0.32,4.16
2013,14.21,0.32,3.88
2013,14.23,0.32,5.05
2013,14.13,0.34,5.4
2013,14.08,0.34,5.87
2013,13.99,0.34,6.47
2013,13.56,0.34,5.79
2013,13.46,0.34,6.33
2013,13.53,0.35,6.3
2013,13.7,0.35,6.17
2013,13.69,0.35,6.0
2013,13.78,0.35,6.06
2013,13.71,0.34,6.2
2013,13.7,0.34,6.53
2013,13.87,0.34,7.38
2013,13.76,0.34,7.66
2013,13.97,0.34,7.3
2013,14.05,0.34,7.1
2013,13.91,0.34,6.51
2013,13.97,0.35,6.43
2013,13.86,0.34,6.53
2013,13.74,0.34,6.62
2013,13.63,0.34,6.86
2013,13.8,0.34,6.83
2013,13.61,0.34,6.58
2013,13.56,0.34,6.7
2013,13.44,0.34,6.62
2013,13.41,0.34,6.83
2013,13.39,0.34,6.98
2013,13.37,0.34,6.93
2013,13.27,0.36,7.11
2013,13.09,0.34,7.14
2013,12.91,0.34,6.91
2013,12.56,0.34,6.86
2013,12.54,0.33,6.95
2013,12.44,0.34,7.06
2013,12.34,0.33,7.35
2013,12.3,0.33,7.3
2013,12.67,0.33,7.85
2013,12.96,0.33,8.13
2013,13.0,0.33,7.95
2013,13.01,0.33,8.02
2013,12.94,0.33,8.15
2013,13.02,0.33,8.35
2013,13.06,0.34,8.22
2013,13.16,0.34,8.41
2013,13.21,0.34,8.66
2013,13.26,0.34,8.88
2013,13.24,0.34,8.42
2013,13.29,0.34,8.11
2013,13.37,0.34,8.18
2013,13.34,0.34,8.04
2013,13.21,0.34,8.45
2013,13.12,0.34,8.37
2013,13.67,0.34,8.3
2013,13.57,0.34,8.32
2013,13.56,0.33,8.71
2013,13.83,0.33,9.02
2013,14.05,0.34,9.17
2013,14.06,0.34,9.0
2013,14.04,0.34,9.1
2013,14.23,0.35,9.22
2013,14.47,0.35,9.66
2013,14.51,0.35,9.72
2013,14.36,0.34,9.46
2013,14.36,0.34,10.59
2013,14.25,0.34,10.4
2013,14.5,0.34,10.03
2013,15.31,0.34,9.99
2013,15.6,0.35,9.66
2013,15.55,0.36,9.57
2013,15.56,0.36,9.59
2013,15.9,0.35,9.83
2013,15.8,0.35,9.99
2013,15.69,0.35,10.02
2013,15.64,0.35,10.5
2013,15.58,0.35,10.82
2013,15.79,0.35,11.53
2013,15.55,0.35,11.25
2013,15.34,0.35,11.43
2013,15.36,0.35,11.18
2013,15.25,0.35,11.28
2013,15.49,0.35,11.58
2013,15.54,0.35,11.44
2013,15.49,0.35,11.43
2013,15.45,0.35,11.31
2013,15.72,0.35,10.97
2013,15.7,0.36,11.17
2013,14.66,0.37,11.19
2013,14.71,0.37,11.12
2013,14.6,0.37,11.09
2013,14.28,0.38,11.39
2013,14.22,0.38,11.23
2013,14.43,0.38,11.16
2013,14.72,0.38,12.03
2013,14.81,0.38,12.39
2013,15.38,0.37,12.37
2013,15.33,0.37,12.33
2013,15.15,0.37,12.42
2013,15.12,0.37,12.65
2013,15.0,0.37,12.75
2013,14.9,0.37,12.97
2013,15.14,0.37,12.95
2013,15.22,0.37,12.79
2013,15.23,0.37,11.98
2013,14.99,0.37,12.08
2013,15.24,0.37,12.45
2013,15.18,0.37,12.4
2013,15.09,0.37,11.67
2013,15.24,0.36,11.72
2013,15.28,0.36,11.95
2013,15.4,0.36,12.17
2013,15.53,0.37,12.59
2013,15.55,0.37,12.49
2013,15.62,0.37,12.32
2013,15.76,0.37,12.4
2013,16.22,0.38,12.23
2013,16.35,0.37,11.85
2013,16.27,0.37,11.45
2013,16.48,0.37,11.63
2013,16.5,0.36,11.63
2013,16.43,0.36,11.37
2013,16.69,0.36,11.03
2013,16.32,0.36,11.18
2013,16.32,0.36,10.83
2013,16.24,0.36,11.06
2013,16.3,0.36,11.69
2013,16.37,0.35,12.1
2013,16.34,0.35,10.72
2013,16.28,0.35,9.71
2013,16.22,0.37,9.37
2013,16.24,0.37,9.69
2013,16.31,0.37,9.65
2013,16.25,0.38,9.49
2013,16.47,0.38,9.36
2013,16.47,0.38,9.2
2013,16.41,0.37,9.03
2013,16.29,0.37,8.6
2013,16.2,0.37,8.5
2013,16.22,0.36,8.32
2013,16.25,0.36,8.18
2013,16.37,0.37,8.39
2013,16.69,0.37,8.18
2013,16.99,0.37,8.46
2013,17.38,0.37,8.71
2013,17.56,0.37,8.57
2013,17.63,0.38,9.66
2013,17.72,0.38,9.63
2013,17.9,0.38,9.56
2013,17.64,0.37,9.5
2013,17.73,0.37,9.45
2013,17.67,0.37,9.72
2013,17.77,0.37,9.54
2013,17.6,0.36,9.88
2013,17.52,0.36,10.12
2013,17.51,0.36,10.03
2013,17.41,0.36,10.31
2013,17.16,0.36,10.33
2013,17.12,0.36,9.8
2013,17.17,0.37,9.62
2013,17.76,0.38,9.75
2013,17.8,0.37,10.33
2013,17.72,0.38,10.53
2013,17.57,0.37,10.37
2013,17.43,0.38,10.32
2013,17.47,0.38,10.21
2014,17.34,0.38,10.17
2014,17.23,0.38,10.15
2014,17.02,0.38,10.03
2014,16.99,0.38,10.03
2014,16.98,0.39,10.25
2014,17.02,0.38,10.23
2014,16.83,0.38,9.93
2014,16.88,0.37,9.8
2014,17.02,0.37,10.8
2014,17.44,0.38,11.48
2014,17.33,0.38,11.51
2014,17.18,0.38,11.55
2014,17.12,0.38,11.82
2014,17.34,0.38,12.02
2014,17.32,0.38,12.16
2014,17.29,0.37,12.03
2014,17.27,0.37,11.86
2014,16.03,0.37,11.93
2014,15.79,0.37,11.94
2014,15.76,0.37,12.32
2014,15.61,0.37,12.4
2014,15.8,0.37,12.33
2014,15.86,0.37,12.11
2014,16.04,0.37,12.04
2014,16.08,0.37,12.01
2014,16.37,0.37,12.44
2014,16.66,0.38,13.29
2014,16.84,0.38,13.48
2014,16.89,0.4,13.22
2014,17.06,0.41,13.51
2014,17.09,0.42,13.46
2014,17.26,0.42,13.73
2014,17.12,0.43,13.58
2014,16.81,0.44,14.35
2014,16.74,0.45,14.27
2014,16.59,0.45,14.56
2014,16.58,0.45,17.28
2014,16.44,0.45,17.67
2014,16.56,0.45,17.46
2014,16.68,0.44,16.85
2014,16.61,0.43,16.78
2014,16.68,0.44,17.33
2014,16.74,0.44,17.13
2014,16.73,0.44,17.17
2014,16.66,0.44,16.99
2014,16.7,0.44,16.2
2014,16.87,0.44,16.31
2014,16.82,0.44,16.5
2014,16.9,0.44,16.28
2014,16.62,0.43,15.8
2014,16.59,0.43,15.86
2014,16.66,0.43,16.1
2014,16.79,0.45,16.1
2014,16.68,0.44,15.95
2014,16.71,0.45,15.75
2014,16.92,0.44,15.33
2014,17.09,0.44,15.14
2014,17.19,0.45,14.84
2014,16.95,0.43,14.24
2014,16.87,0.43,14.45
2014,16.93,0.43,14.45
2014,16.97,0.45,14.54
2014,17.02,0.44,15.39
2014,16.99,0.45,15.72
2014,16.91,0.45,15.22
2014,16.62,0.44,14.41
2014,16.47,0.45,14.43
2014,16.61,0.45,14.56
2014,16.66,0.45,14.5
2014,16.37,0.44,13.8
2014,16.35,0.44,13.9
2014,16.33,0.44,13.29
2014,16.32,0.44,13.33
2014,16.52,0.44,13.49
2014,16.66,0.44,13.75
2014,16.65,0.45,14.62
2014,16.63,0.45,14.45
2014,17.85,0.46,14.19
2014,17.91,0.46,13.78
2014,18.65,0.45,13.59
2014,18.66,0.44,13.81
2014,18.77,0.44,13.88
2014,18.62,0.45,14.27
2014,18.6,0.44,14.09
2014,18.82,0.44,14.51
2014,18.92,0.45,14.58
2014,18.7,0.44,14.01
2014,18.71,0.45,12.96
2014,18.46,0.43,12.23
2014,18.69,0.44,12.48
2014,18.72,0.44,12.76
2014,18.81,0.43,12.9
2014,18.78,0.43,12.84
2014,18.81,0.43,12.8
2014,19.12,0.44,13.13
2014,19.09,0.44,13.29
2014,19.1,0.44,13.32
2014,19.2,0.44,13.79
2014,19.35,0.44,13.85
2014,19.71,0.45,14.26
2014,19.83,0.45,14.18
2014,20.05,0.46,14.17
2014,20.28,0.45,14.32
2014,19.99,0.46,13.96
2014,20.11,0.45,13.87
2014,20.4,0.45,13.75
2014,20.45,0.45,13.95
2014,20.5,0.46,14.05
2014,20.69,0.46,14.0
2014,20.95,0.46,13.8
2014,20.88,0.46,13.67
2014,20.74,0.47,13.99
2014,20.37,0.47,13.79
2014,20.44,0.47,15.03
2014,20.43,0.47,15.7
2014,20.34,0.47,15.45
2014,20.34,0.46,15.69
2014,20.4,0.46,15.42
2014,20.19,0.45,15.93
2014,20.22,0.45,16.13
2014,19.99,0.44,15.84
2014,20.07,0.44,16.03
2014,20.28,0.44,16.0
2014,20.66,0.44,16.3
2014,20.73,0.45,16.23
2014,20.73,0.45,16.16
2014,20.74,0.45,15.46
2014,21.16,0.45,15.32
2014,21.33,0.45,14.73
2014,21.15,0.46,14.95
2014,21.06,0.45,14.81
2014,21.13,0.45,14.77
2014,21.35,0.46,15.25
2014,21.35,0.46,15.18
2014,21.4,0.47,14.99
2014,21.0,0.46,14.7
2014,20.88,0.45,14.75
2014,20.94,0.44,14.88
2014,20.91,0.45,14.89
2014,21.57,0.44,14.98
2014,21.45,0.43,15.01
2014,21.56,0.43,15.13
2014,21.87,0.43,15.47
2014,21.92,0.43,15.22
2014,21.75,0.43,15.31
2014,21.48,0.43,15.43
2014,21.29,0.42,15.83
2014,21.29,0.42,16.03
2014,21.09,0.43,16.2
2014,21.04,0.42,16.76
2014,21.25,0.43,17.11
2014,21.0,0.45,16.78
2014,21.28,0.45,17.58
2014,21.46,0.45,17.35
2014,21.54,0.46,17.71
2014,21.61,0.45,17.53
2014,21.75,0.46,17.47
2014,22.01,0.46,17.82
2014,22.3,0.47,17.29
2014,22.39,0.46,17.25
2014,22.36,0.46,17.25
2014,22.47,0.46,17.13
2014,22.63,0.46,17.58
2014,22.48,0.47,17.7
2014,22.72,0.47,17.62
2014,22.76,0.46,17.63
2014,22.79,0.47,18.13
2014,22.98,0.47,18.99
2014,22.86,0.47,19.2
2014,22.17,0.48,19.43
2014,22.01,0.48,18.86
2014,22.0,0.48,18.99
2014,22.83,0.47,19.03
2014,22.39,0.47,18.76
2014,22.47,0.47,18.99
2014,22.63,0.47,18.83
2014,22.82,0.46,18.29
2014,22.43,0.46,17.5
2014,22.55,0.46,17.65
2014,22.67,0.47,17.71
2014,22.67,0.47,17.43
2014,22.62,0.47,17.07
2014,22.8,0.45,16.92
2014,22.78,0.45,16.86
2014,22.31,0.45,17.0
2014,22.32,0.45,16.65
2014,22.25,0.45,16.58
2014,22.49,0.44,16.51
2014,22.3,0.44,16.18
2014,22.2,0.44,16.85
2014,22.2,0.44,17.1
2014,22.29,0.44,17.5
2014,22.18,0.44,17.43
2014,22.39,0.44,17.53
2014,22.68,0.43,17.7
2014,22.6,0.43,16.39
2014,22.54,0.41,15.93
2014,22.26,0.42,15.5
2014,21.96,0.42,15.4
2014,21.64,0.42,15.33
2014,21.93,0.43,15.65
2014,22.14,0.42,15.49
2014,22.82,0.44,15.69
2014,23.06,0.44,15.83
2014,23.27,0.44,15.75
2014,23.36,0.44,15.85
2014,23.36,0.44,15.64
2014,23.64,0.45,16.31
2014,23.78,0.45,16.1
2014,23.78,0.45,16.03
2014,23.93,0.47,16.21
2014,24.43,0.48,16.5
2014,24.25,0.48,16.16
2014,24.21,0.48,16.09
2014,24.2,0.48,16.45
2014,24.32,0.49,16.19
2014,24.32,0.48,16.19
2014,24.41,0.48,16.79
2014,24.79,0.47,16.82
2014,25.24,0.47,17.05
2014,25.4,0.47,17.26
2014,26.09,0.48,17.27
2014,25.74,0.48,17.33
2014,25.75,0.48,16.79
2014,26.0,0.49,16.73
2014,26.15,0.49,16.85
2014,26.42,0.5,16.51
2014,26.64,0.5,16.65
2014,26.49,0.5,16.6
2014,26.56,0.51,16.45
2014,26.53,0.5,16.16
2014,25.75,0.5,15.66
2014,25.88,0.51,15.31
2014,26.07,0.51,15.39
2014,25.82,0.51,15.29
2014,25.5,0.51,14.99
2014,25.43,0.5,14.52
2014,25.55,0.5,14.45
2014,25.31,0.49,14.36
2014,24.89,0.48,14.11
2014,24.83,0.49,13.99
2014,24.51,0.48,13.58
2014,24.43,0.48,13.78
2014,25.06,0.5,14.56
2014,25.19,0.49,14.69
2014,25.25,0.5,14.94
2014,25.21,0.5,14.95
2014,25.07,0.5,14.83
2014,25.47,0.5,15.23
2014,25.53,0.5,15.19
2014,25.34,0.49,15.04
2014,25.17,0.49,15.05
2015,24.79,0.49,14.88
2015,24.17,0.48,14.43
2015,23.9,0.48,14.28
2015,24.07,0.47,14.32
2015,24.95,0.48,14.25
2015,25.19,0.48,14.0
2015,25.05,0.48,13.63
2015,25.09,0.49,13.84
2015,24.58,0.48,13.01
2015,24.48,0.48,13.05
2015,23.93,0.48,12.97
2015,24.24,0.49,12.94
2015,24.71,0.49,13.25
2015,25.02,0.5,13.55
2015,25.3,0.5,13.57
2015,25.44,0.5,13.91
2015,25.02,0.49,13.87
2015,26.28,0.48,13.76
2015,26.51,0.48,13.73
2015,26.69,0.48,13.83
2015,26.51,0.47,14.13
2015,26.49,0.48,14.69
2015,26.81,0.49,14.77
2015,26.85,0.49,15.03
2015,26.86,0.5,14.89
2015,26.76,0.49,14.53
2015,27.28,0.5,14.7
2015,27.9,0.5,14.32
2015,28.47,0.54,13.54
2015,28.43,0.54,13.73
2015,28.78,0.54,13.71
2015,28.76,0.54,13.74
2015,28.82,0.54,14.16
2015,28.92,0.54,14.51
2015,29.7,0.54,14.55
2015,29.84,0.54,13.82
2015,29.39,0.54,13.81
2015,29.23,0.54,14.07
2015,29.16,0.53,13.9
2015,29.1,0.55,13.56
2015,28.93,0.54,13.35
2015,28.93,0.54,13.5
2015,28.75,0.55,13.75
2015,28.89,0.55,13.38
2015,28.94,0.55,12.97
2015,28.41,0.56,12.9
2015,27.86,0.56,13.08
2015,27.89,0.55,12.96
2015,28.01,0.55,12.78
2015,27.9,0.56,13.06
2015,28.43,0.56,13.25
2015,28.85,0.56,13.39
2015,28.87,0.56,13.64
2015,28.68,0.57,13.27
2015,28.55,0.56,13.37
2015,28.59,0.55,13.59
2015,28.32,0.54,13.24
2015,27.89,0.51,12.99
2015,27.85,0.52,12.62
2015,28.23,0.52,12.82
2015,28.25,0.52,12.92
2015,27.94,0.51,12.82
2015,28.04,0.51,12.88
2015,28.48,0.52,13.85
2015,28.61,0.53,13.67
2015,28.23,0.53,14.06
2015,28.27,0.54,14.02
2015,28.41,0.55,14.11
2015,28.71,0.55,14.2
2015,28.43,0.54,13.97
2015,28.39,0.55,13.97
2015,28.38,0.55,13.94
2015,28.17,0.54,13.79
2015,28.61,0.54,13.86
2015,28.63,0.54,14.05
2015,28.78,0.54,14.79
2015,29.13,0.54,14.77
2015,29.17,0.54,14.72
2015,29.73,0.54,15.92
2015,30.05,0.54,15.7
2015,29.39,0.54,15.66
2015,28.73,0.54,15.53
2015,29.06,0.55,15.45
2015,29.16,0.55,15.65
2015,28.69,0.54,15.97
2015,28.31,0.54,15.63
2015,28.27,0.54,15.83
2015,28.62,0.53,15.89
2015,28.61,0.5,16.19
2015,28.45,0.51,16.42
2015,28.52,0.51,16.55
2015,28.92,0.52,16.33
2015,29.04,0.52,16.63
2015,29.32,0.52,16.66
2015,29.35,0.51,16.73
2015,29.37,0.52,16.52
2015,29.52,0.51,16.44
2015,29.82,0.51,16.57
2015,29.81,0.51,16.8
2015,29.66,0.53,16.63
2015,29.59,0.54,16.79
2015,29.48,0.54,16.86
2015,29.47,0.55,16.77
2015,29.3,0.54,16.63
2015,29.36,0.54,16.71
2015,29.28,0.54,16.62
2015,29.08,0.54,16.65
2015,28.98,0.54,17.25
2015,28.72,0.53,17.18
2015,29.01,0.53,16.93
2015,29.19,0.53,16.96
2015,28.78,0.53,16.9
2015,28.53,0.51,16.75
2015,28.67,0.52,16.9
2015,28.68,0.53,17.62
2015,28.77,0.53,17.56
2015,28.66,0.54,17.59
2015,28.72,0.53,17.63
2015,28.62,0.53,17.87
2015,29.11,0.52,17.82
2015,28.97,0.52,18.09
2015,28.7,0.51,17.94
2015,28.36,0.5,17.73
2015,28.28,0.49,18.06
2015,28.47,0.51,18.17
2015,28.41,0.5,18.83
2015,28.31,0.5,18.78
2015,28.29,0.49,18.35
2015,27.95,0.48,17.39
2015,27.82,0.49,17.53
2015,27.77,0.48,17.53
2015,28.2,0.48,17.5
2015,28.34,0.48,17.73
2015,28.51,0.48,17.83
2015,28.83,0.49,17.81
2015,29.07,0.49,18.37
2015,29.82,0.49,19.11
2015,29.81,0.49,18.23
2015,28.14,0.48,17.96
2015,28.5,0.48,17.99
2015,28.2,0.48,18.07
2015,27.72,0.47,17.63
2015,27.79,0.48,17.69
2015,27.7,0.49,17.86
2015,27.49,0.49,17.8
2015,27.5,0.49,17.96
2015,27.49,0.49,17.78
2015,26.4,0.49,17.78
2015,26.34,0.51,18.07
2015,26.24,0.5,17.0
2015,26.19,0.57,16.25
2015,27.03,0.58,16.2
2015,26.62,0.58,15.95
2015,26.0,0.58,15.98
2015,26.22,0.58,16.43
2015,26.2,0.57,16.53
2015,26.5,0.57,17.11
2015,26.46,0.57,17.4
2015,26.25,0.57,17.38
2015,25.76,0.56,16.97
2015,25.21,0.54,16.25
2015,24.51,0.53,15.43
2015,25.03,0.53,15.39
2015,24.76,0.53,15.2
2015,25.51,0.55,16.32
2015,25.53,0.56,16.76
2015,25.8,0.55,17.0
2015,25.2,0.54,16.4
2015,25.31,0.54,16.53
2015,25.41,0.55,16.81
2015,24.88,0.54,16.27
2015,25.36,0.55,16.61
2015,25.69,0.56,16.95
2015,25.52,0.56,16.71
2015,25.73,0.55,16.68
2015,26.33,0.55,16.95
2015,26.25,0.56,16.97
2015,26.25,0.56,17.53
2015,26.24,0.58,17.7
2015,25.75,0.57,17.59
2015,25.99,0.57,18.1
2015,25.72,0.56,17.51
2015,25.84,0.56,17.47
2015,26.02,0.58,17.56
2015,26.29,0.59,17.79
2015,25.81,0.58,17.32
2015,25.57,0.58,16.98
2015,25.13,0.6,16.83
2015,24.69,0.6,16.57
2015,25.01,0.6,16.51
2015,25.09,0.63,16.66
2015,25.17,0.63,16.2
2015,25.18,0.64,15.85
2015,24.82,0.64,15.38
2015,25.29,0.64,14.96
2015,25.4,0.64,14.87
2015,25.33,0.65,14.83
2015,25.12,0.68,14.73
2015,25.25,0.68,14.78
2015,25.23,0.68,15.37
2015,25.17,0.68,15.41
2015,25.72,0.68,15.24
2015,26.04,0.68,14.32
2015,26.02,0.69,14.38
2015,26.86,0.7,14.36
2015,26.61,0.7,14.39
2015,26.25,0.7,14.47
2015,26.88,0.7,14.23
2015,27.19,0.69,14.25
2015,27.31,0.69,14.11
2015,27.34,0.7,14.39
2015,27.82,0.7,14.3
2015,27.89,0.7,15.52
2015,27.76,0.69,15.64
2015,27.56,0.78,15.56
2015,27.56,0.77,15.53
2015,26.71,0.76,14.91
2015,26.57,0.75,14.63
2015,26.43,0.75,14.6
2015,26.15,0.74,14.2
2015,25.85,0.74,14.33
2015,26.03,0.75,14.4
2015,26.58,0.76,14.76
2015,27.09,0.77,15.08
2015,27.13,0.77,15.0
2015,27.09,0.77,14.61
2015,27.0,0.77,14.73
2015,26.97,0.77,15.39
2015,26.79,0.77,15.48
2015,27.02,0.78,15.62
2015,26.88,0.8,15.87
2015,26.72,0.81,15.91
2015,26.42,0.81,15.83
2015,26.98,0.82,15.55
2015,27.12,0.82,15.71
2015,26.83,0.82,15.25
2015,26.63,0.82,15.17
2015,26.46,0.81,15.23
2015,26.11,0.8,15.05
2015,25.49,0.8,14.73
2015,25.52,0.81,14.81
2015,25.34,0.81,15.66
2015,25.4,0.82,15.85
2015,24.78,0.8,15.73
2015,24.29,0.8,15.72
2015,24.37,0.81,15.77
2015,24.63,0.81,15.56
2015,24.66,0.81,15.46
2015,24.36,0.81,15.47
2015,24.76,0.82,15.85
2015,24.59,0.83,16.24
2015,24.21,0.82,16.23
2016,23.84,0.79,15.43
2016,23.95,0.82,15.13
2016,23.16,0.79,14.67
2016,22.65,0.76,14.56
2016,22.42,0.75,14.7
2016,22.41,0.73,14.3
2016,22.78,0.75,14.25
2016,22.89,0.75,14.18
2016,22.73,0.71,14.0
2016,22.11,0.68,13.67
2016,22.32,0.69,14.03
2016,22.21,0.68,13.42
2016,22.14,0.69,13.55
2016,22.95,0.7,13.7
2016,22.97,0.7,13.57
2016,22.82,0.7,13.19
2016,21.86,0.7,12.88
2016,21.38,0.7,12.75
2016,22.02,0.72,12.92
2016,21.88,0.72,13.3
2016,21.73,0.71,12.87
2016,21.91,0.69,12.26
2016,22.14,0.7,11.73
2016,22.05,0.69,11.53
2016,21.77,0.64,10.48
2016,21.82,0.65,10.65
2016,21.92,0.64,10.33
2016,21.55,0.62,10.88
2016,21.5,0.63,10.47
2016,22.03,0.66,10.86
2016,22.34,0.68,11.29
2016,22.49,0.76,11.53
2016,22.01,0.75,11.17
2016,22.04,0.78,11.93
2016,21.95,0.78,12.12
2016,21.92,0.78,11.97
2016,22.01,0.78,12.57
2016,22.3,0.78,12.8
2016,22.34,0.78,13.09
2016,22.92,0.8,13.06
2016,22.95,0.81,12.57
2016,23.14,0.81,13.16
2016,23.6,0.81,13.6
2016,23.39,0.8,13.98
2016,23.15,0.79,13.83
2016,23.11,0.79,13.96
2016,23.26,0.79,14.22
2016,23.27,0.79,13.96
2016,23.41,0.79,14.45
2016,23.93,0.79,14.6
2016,24.18,0.81,14.84
2016,24.22,0.81,15.23
2016,24.23,0.84,15.63
2016,24.49,0.83,15.99
2016,24.4,0.83,15.93
2016,24.35,0.85,15.65
2016,24.17,0.85,15.26
2016,24.15,0.86,15.65
2016,24.52,0.87,15.49
2016,25.12,0.89,15.7
2016,25.0,0.88,15.83
2016,25.02,0.89,16.53
2016,25.52,0.9,16.81
2016,25.19,0.88,17.1
2016,25.24,0.88,17.85
2016,25.12,0.88,17.96
2016,24.97,0.88,17.39
2016,25.16,0.89,17.27
2016,25.14,0.88,16.79
2016,25.55,0.9,17.03
2016,25.57,0.91,17.12
2016,25.54,0.92,16.97
2016,24.78,0.91,17.22
2016,24.57,0.91,16.96
2016,24.59,0.9,16.91
2016,24.32,0.9,16.73
2016,24.22,0.9,16.93
2016,24.03,0.9,17.16
2016,23.95,0.91,17.05
2016,22.45,0.91,17.0
2016,22.26,0.91,16.9
2016,21.55,0.88,16.56
2016,21.4,0.89,16.21
2016,21.78,0.88,15.93
2016,21.81,0.86,15.63
2016,21.53,0.87,15.24
2016,21.39,0.87,14.42
2016,21.46,0.87,14.41
2016,21.41,0.88,13.96
2016,21.41,0.89,14.37
2016,21.23,0.89,14.11
2016,20.98,1.0,14.08
2016,21.6,1.05,14.21
2016,21.67,1.04,13.99
2016,21.79,1.07,14.35
2016,21.66,1.07,14.45
2016,21.84,1.09,14.7
2016,22.24,1.09,14.84
2016,22.45,1.12,14.58
2016,22.83,1.12,14.76
2016,23.05,1.13,15.02
2016,22.99,1.13,15.06
2016,22.98,1.15,14.98
2016,22.78,1.16,14.83
2016,22.39,1.17,14.66
2016,22.49,1.15,14.8
2016,23.32,1.15,14.73
2016,22.86,1.15,15.63
2016,22.78,1.14,16.06
2016,22.88,1.16,15.69
2016,22.74,1.16,15.2
2016,22.68,1.17,15.05
2016,22.54,1.16,14.81
2016,22.52,1.17,14.79
2016,22.37,1.17,14.54
2016,22.12,1.17,14.67
2016,22.1,1.18,14.92
2016,22.05,1.18,14.84
2016,22.17,1.17,13.73
2016,22.04,1.19,13.17
2016,21.66,1.16,13.01
2016,21.29,1.12,13.25
2016,21.43,1.13,13.6
2016,21.64,1.15,14.12
2016,21.92,1.16,14.23
2016,22.08,1.16,14.55
2016,21.83,1.16,14.3
2016,21.89,1.18,14.35
2016,22.08,1.2,14.54
2016,22.17,1.25,14.65
2016,22.35,1.29,15.12
2016,22.36,1.31,15.17
2016,22.35,1.31,15.04
2016,22.65,1.32,15.0
2016,22.73,1.3,14.85
2016,22.91,1.31,15.14
2016,22.89,1.32,15.27
2016,22.99,1.34,15.32
2016,23.11,1.33,15.19
2016,22.73,1.34,14.97
2016,22.62,1.37,15.43
2016,22.42,1.4,15.33
2016,23.88,1.4,15.56
2016,23.9,1.39,15.38
2016,23.93,1.41,15.69
2016,24.29,1.41,15.78
2016,24.27,1.4,15.32
2016,24.22,1.38,15.31
2016,24.39,1.41,15.39
2016,24.77,1.43,15.47
2016,24.94,1.45,15.31
2016,25.07,1.46,15.44
2016,25.06,1.46,15.32
2016,25.06,1.47,15.17
2016,24.95,1.56,15.11
2016,25.2,1.56,15.3
2016,25.36,1.55,15.15
2016,25.17,1.54,14.99
2016,25.22,1.53,15.04
2016,25.24,1.54,15.01
2016,25.1,1.54,15.01
2016,25.15,1.56,15.23
2016,25.02,1.55,15.14
2016,24.82,1.52,14.92
2016,24.84,1.53,14.86
2016,24.72,1.54,14.69
2016,24.5,1.53,14.41
2016,24.52,1.52,14.17
2016,24.57,1.56,14.07
2016,24.85,1.56,13.55
2016,24.92,1.55,13.55
2016,25.02,1.56,13.77
2016,24.68,1.54,13.33
2016,24.33,1.53,13.33
2016,24.33,1.5,13.42
2016,25.03,1.51,13.23
2016,26.01,1.49,13.19
2016,26.63,1.54,13.5
2016,26.72,1.56,13.71
2016,26.73,1.61,13.96
2016,26.26,1.58,13.85
2016,26.23,1.6,13.8
2016,26.45,1.61,13.82
2016,26.41,1.61,14.01
2016,26.09,1.59,14.07
2016,26.04,1.64,14.0
2016,26.38,1.64,13.88
2016,26.18,1.66,13.82
2016,26.09,1.7,13.67
2016,26.01,1.71,14.38
2016,26.3,1.71,14.22
2016,26.15,1.71,14.21
2016,26.31,1.67,13.61
2016,26.36,1.67,13.42
2016,26.86,1.66,13.61
2016,27.31,1.65,13.48
2016,27.15,1.64,13.59
2016,27.02,1.62,13.39
2016,27.19,1.64,13.43
2016,27.11,1.64,13.23
2016,27.2,1.65,13.3
2016,27.1,1.64,13.78
2016,27.01,1.67,13.53
2016,26.9,1.66,13.44
2016,27.09,1.74,13.6
2016,27.23,1.78,13.65
2016,26.62,1.79,13.55
2016,26.66,1.79,14.25
2016,26.51,1.77,13.69
2016,26.28,1.76,13.5
2016,26.18,1.77,13.23
2016,25.85,1.73,12.85
2016,25.78,1.7,12.76
2016,25.5,1.69,12.9
2016,25.56,1.76,12.95
2016,25.84,1.77,13.17
2016,25.75,1.74,12.8
2016,25.69,1.76,12.77
2016,25.18,2.18,12.59
2016,24.93,2.17,12.55
2016,24.9,2.15,12.43
2016,25.49,2.28,12.32
2016,25.52,2.33,12.63
2016,25.56,2.32,12.87
2016,25.9,2.32,12.59
2016,26.0,2.31,12.76
2016,25.79,2.35,13.04
2016,25.87,2.34,13.15
2016,26.01,2.33,13.29
2016,25.91,2.33,13.12
2016,25.95,2.32,12.79
2016,25.66,2.27,12.57
2016,25.46,2.19,12.33
2016,25.45,2.28,12.59
2016,25.52,2.31,12.44
2016,25.72,2.35,12.89
2016,26.0,2.38,12.83
2016,26.53,2.32,12.92
2016,26.6,2.22,12.96
2016,26.81,2.27,13.42
2016,26.87,2.39,13.53
2016,27.0,2.46,13.38
2016,26.94,2.48,13.51
2016,27.15,2.52,13.63
2016,27.17,2.61,13.93
2016,27.15,2.61,14.15
2016,26.95,2.68,14.0
2016,26.95,2.71,14.23
2016,27.24,2.89,14.82
2016,27.29,2.95,14.92
2016,27.08,2.75,14.61
2016,27.11,2.76,14.5
2017,26.9,2.62,14.69
2017,26.95,2.6,15.2
2017,27.03,2.61,15.17
2017,27.33,2.57,15.35
2017,27.62,2.66,15.46
2017,27.61,2.69,15.47
2017,27.74,2.62,15.33
2017,27.59,2.58,15.38
2017,27.66,2.59,15.86
2017,27.81,2.54,16.0
2017,27.87,2.54,15.98
2017,27.77,2.62,16.58
2017,27.86,2.63,16.4
2017,27.94,2.61,16.73
2017,27.78,2.65,16.99
2017,28.24,2.69,17.23
2017,28.32,2.71,17.05
2017,28.3,2.76,16.87
2017,28.13,2.73,17.02
2017,28.07,2.71,17.06
2017,30.18,2.81,16.88
2017,29.92,2.85,16.83
2017,29.88,2.86,16.81
2017,30.18,2.89,17.19
2017,30.55,2.98,17.33
2017,30.58,2.94,17.56
2017,30.76,2.93,18.08
2017,30.88,2.97,18.06
2017,31.08,2.81,18.72
2017,31.38,2.71,19.16
2017,31.65,2.7,18.82
2017,31.57,2.7,18.67
2017,31.55,2.65,18.19
2017,31.76,2.74,18.76
2017,31.85,2.76,18.9
2017,31.93,2.62,17.64
2017,31.74,2.52,17.22
2017,31.92,2.59,16.56
2017,31.92,2.59,16.73
2017,32.55,2.57,16.99
2017,32.58,2.54,16.89
2017,32.48,2.44,16.79
2017,32.47,2.42,16.78
2017,32.51,2.45,16.93
2017,32.47,2.5,16.67
2017,32.24,2.45,16.58
2017,32.37,2.47,16.43
2017,32.39,2.52,16.46
2017,32.44,2.53,17.21
2017,32.69,2.54,17.4
2017,32.76,2.56,17.72
2017,32.75,2.62,17.69
2017,32.87,2.7,17.64
2017,33.17,2.71,17.65
2017,32.89,2.67,17.0
2017,32.89,2.68,17.18
2017,32.92,2.7,17.59
2017,32.8,2.67,18.04
2017,33.46,2.69,18.71
2017,33.56,2.68,18.64
2017,33.56,2.71,18.8
2017,33.51,2.71,18.65
2017,33.48,2.7,19.93
2017,33.65,2.58,20.32
2017,33.79,2.52,20.33
2017,33.57,2.5,20.13
2017,33.49,2.51,20.18
2017,33.42,2.48,20.92
2017,33.3,2.44,20.9
2017,33.02,2.43,20.56
2017,33.07,2.4,20.49
2017,32.96,2.45,20.27
2017,32.99,2.46,20.06
2017,32.98,2.49,20.44
2017,33.2,2.5,20.61
2017,33.14,2.51,20.43
2017,33.44,2.55,20.7
2017,33.66,2.6,20.93
2017,33.59,2.6,20.97
2017,33.48,2.61,20.87
2017,33.52,2.61,20.99
2017,34.19,2.64,21.82
2017,34.4,2.6,21.84
2017,34.26,2.58,21.44
2017,34.18,2.59,20.52
2017,34.6,2.57,20.57
2017,35.7,2.58,20.92
2017,35.97,2.59,21.47
2017,35.76,3.0,21.7
2017,35.93,3.22,21.73
2017,36.48,3.2,21.8
2017,36.54,3.32,21.35
2017,36.4,3.39,21.34
2017,36.05,3.33,20.98
2017,35.76,3.29,20.93
2017,35.91,3.41,21.1
2017,36.05,3.44,20.96
2017,36.13,3.45,20.72
2017,35.96,3.48,20.73
2017,36.0,3.46,21.13
2017,35.97,3.59,21.7
2017,36.02,3.61,22.42
2017,35.96,3.63,22.86
2017,35.76,3.58,22.99
2017,36.26,3.59,22.86
2017,36.02,3.67,23.23
2017,36.34,3.7,23.97
2017,36.38,3.7,24.03
2017,36.28,3.95,24.79
2017,36.2,4.16,25.12
2017,34.07,3.75,24.3
2017,34.39,3.82,25.07
2017,34.4,3.8,25.62
2017,33.7,3.79,25.03
2017,33.7,3.82,25.2
2017,34.22,3.89,25.11
2017,34.26,3.99,25.26
2017,34.07,3.94,25.13
2017,34.22,3.96,25.67
2017,34.32,3.93,25.8
2017,34.58,3.87,25.8
2017,34.09,3.75,25.09
2017,34.08,3.75,24.78
2017,33.85,3.72,24.73
2017,33.81,3.65,24.45
2017,33.89,3.6,24.76
2017,33.77,3.56,23.15
2017,33.47,3.59,21.39
2017,33.76,3.64,21.13
2017,34.04,3.8,21.2
2017,34.02,3.86,21.82
2017,34.09,4.02,22.21
2017,34.63,4.11,22.11
2017,34.83,4.07,21.89
2017,35.2,4.14,21.81
2017,35.02,4.11,21.94
2017,35.32,4.13,22.11
2017,35.39,4.14,22.01
2017,35.09,4.18,22.08
2017,35.55,4.17,22.89
2017,35.88,4.1,23.04
2017,35.9,4.2,23.03
2017,35.92,4.17,23.17
2017,35.04,4.08,22.64
2017,35.06,4.11,22.77
2017,35.04,4.06,21.63
2017,37.26,4.1,21.81
2017,36.67,4.11,23.33
2017,36.71,4.2,23.82
2017,37.07,4.26,23.97
2017,37.74,4.31,24.57
2017,37.61,4.25,24.67
2017,37.46,4.26,24.44
2017,37.13,3.93,24.08
2017,37.51,4.16,24.51
2017,37.98,4.19,24.37
2017,38.05,4.16,24.43
2017,37.63,4.09,24.22
2017,37.35,4.06,23.6
2017,36.97,4.02,23.05
2017,37.46,4.02,22.82
2017,37.57,4.11,23.57
2017,37.64,4.13,23.78
2017,37.6,4.12,23.71
2017,37.93,4.08,23.16
2017,38.19,4.09,23.27
2017,38.38,4.11,23.56
2017,38.52,4.19,23.9
2017,38.62,4.25,23.84
2017,38.46,4.17,23.7
2017,38.16,4.15,23.4
2017,37.99,4.15,23.5
2017,37.73,4.12,23.32
2017,37.94,4.19,24.25
2017,38.39,4.2,24.58
2017,37.45,4.24,24.54
2017,37.32,4.26,25.2
2017,37.69,4.45,25.33
2017,37.58,4.73,25.97
2017,37.41,4.69,25.49
2017,37.06,4.68,25.22
2017,36.48,4.51,25.12
2017,35.65,4.51,24.66
2017,35.55,4.39,23.83
2017,36.04,4.42,23.42
2017,36.23,4.36,23.43
2017,36.12,4.35,22.85
2017,36.09,4.44,22.98
2017,36.16,4.5,22.91
2017,36.31,4.46,23.24
2017,36.03,4.49,23.91
2017,36.4,4.5,23.83
2017,36.41,4.49,24.01
2017,36.7,4.61,23.45
2017,37.0,4.77,23.71
2017,36.76,4.72,23.84
2017,36.85,4.77,23.99
2017,36.83,4.82,23.9
2017,37.46,4.89,23.63
2017,37.67,4.92,23.75
2017,37.63,4.9,24.2
2017,36.78,4.89,23.81
2017,36.94,4.93,23.64
2017,36.92,4.91,23.33
2017,36.86,4.91,22.85
2017,36.89,4.92,22.5
2017,36.96,4.85,22.02
2017,38.31,4.99,21.64
2017,39.35,5.09,21.59
2017,39.72,5.14,22.13
2017,39.79,5.19,22.17
2017,39.45,5.14,20.58
2017,40.8,5.16,20.42
2017,40.97,5.19,20.5
2017,41.03,5.26,20.43
2017,41.27,5.24,20.46
2017,41.23,5.1,20.3
2017,41.21,5.4,20.56
2017,41.01,5.37,21.12
2017,40.77,5.31,21.09
2017,40.02,5.24,20.83
2017,40.39,5.29,21.21
2017,40.28,5.32,21.78
2017,40.08,5.3,21.03
2017,40.82,5.35,21.22
2017,41.12,5.37,21.16
2017,41.24,5.37,21.09
2017,41.14,5.38,21.16
2017,41.09,5.31,21.33
2017,40.63,5.2,21.2
2017,40.45,5.01,20.71
2017,40.34,4.95,20.69
2017,40.56,4.95,20.55
2017,40.31,4.77,20.53
2017,40.0,4.7,20.89
2017,40.05,4.79,21.24
2017,40.18,4.82,21.13
2017,40.63,4.82,21.93
2017,40.51,4.79,22.76
2017,40.78,4.76,22.95
2017,40.68,4.68,23.16
2017,40.93,4.76,22.93
2017,41.64,4.9,23.12
2017,41.22,4.89,22.77
2017,41.22,4.9,22.21
2017,41.36,4.9,22.25
2017,41.22,4.84,22.06
2017,40.29,4.89,21.6
2017,40.13,4.95,21.18
2017,40.38,4.93,21.05
2017,40.09,4.91,21.09
2018,40.49,4.93,21.47
2018,41.02,5.28,21.68
2018,40.76,5.39,21.24
2018,41.21,5.36,21.15
2018,41.27,5.56,22.47
2018,41.14,5.54,22.59
2018,40.96,5.54,22.47
2018,41.24,5.6,22.99
2018,41.68,5.56,22.69
2018,42.16,5.63,23.0
2018,42.12,5.57,23.27
2018,42.32,5.6,23.49
2018,42.2,5.71,23.37
2018,41.78,5.78,23.86
2018,42.17,5.93,24.03
2018,41.66,5.95,23.65
2018,41.11,5.93,23.28
2018,40.42,6.02,22.93
2018,39.99,6.14,23.39
2018,39.33,6.09,23.22
2018,39.58,6.16,23.75
2018,39.62,6.11,23.98
2018,39.2,5.88,23.46
2018,38.51,5.77,22.96
2018,38.47,5.58,22.41
2018,38.4,5.81,23.07
2018,37.83,5.82,23.24
2018,37.25,5.91,21.4
2018,38.67,5.82,21.21
2018,38.87,5.8,21.61
2018,39.53,6.0,21.74
2018,40.84,6.14,22.27
2018,41.25,6.18,22.87
2018,41.12,6.23,22.72
2018,41.08,6.23,22.65
2018,41.04,6.08,23.16
2018,41.44,6.09,23.67
2018,42.33,6.14,23.93
2018,42.58,6.16,24.0
2018,42.62,6.14,23.68
2018,42.42,6.04,23.24
2018,41.6,5.86,22.35
2018,41.94,5.87,22.52
2018,42.06,6.01,22.42
2018,41.49,6.04,22.17
2018,41.79,6.01,22.22
2018,42.47,6.08,21.9
2018,43.04,6.26,23.15
2018,43.3,6.3,23.15
2018,42.59,6.2,22.65
2018,42.53,6.25,22.19
2018,42.26,6.22,21.83
2018,41.87,6.17,21.38
2018,41.72,6.21,21.08
2018,41.31,6.24,21.5
2018,40.74,6.13,21.25
2018,40.09,6.0,20.75
2018,40.84,6.05,20.51
2018,41.33,6.19,20.28
2018,40.12,5.68,17.91
2018,40.52,5.83,18.06
2018,39.86,5.81,17.36
2018,39.82,5.7,18.22
2018,40.59,5.61,19.22
2018,41.11,5.67,20.42
2018,40.7,5.48,20.62
2018,40.84,5.49,20.63
2018,41.06,5.67,20.47
2018,41.04,5.67,20.6
2018,41.29,5.82,20.26
2018,41.49,5.88,20.26
2018,41.57,5.76,19.98
2018,42.22,5.9,19.48
2018,42.19,5.92,20.02
2018,41.38,5.77,20.07
2018,40.4,5.74,20.0
2018,39.38,5.73,19.44
2018,39.25,5.66,19.14
2018,39.03,5.48,19.01
2018,39.1,5.58,19.05
2018,38.77,5.7,19.63
2018,39.47,5.67,19.92
2018,39.92,5.62,20.05
2018,41.94,5.66,20.46
2018,41.88,5.79,19.2
2018,43.47,5.92,19.79
2018,44.28,6.21,20.4
2018,43.94,6.2,20.52
2018,44.22,6.33,20.47
2018,44.92,6.45,20.87
2018,45.02,6.43,20.59
2018,44.89,6.4,20.33
2018,44.31,6.26,19.13
2018,44.64,6.15,19.25
2018,44.75,6.22,19.28
2018,44.48,6.24,18.98
2018,44.83,6.19,19.43
2018,44.74,6.08,19.2
2018,44.65,6.13,18.66
2018,44.73,6.18,18.74
2018,44.92,6.19,18.64
2018,44.71,6.22,19.1
2018,44.53,6.27,19.67
2018,44.58,6.32,19.36
2018,45.07,6.38,19.46
2018,45.81,6.58,19.93
2018,45.94,6.6,19.85
2018,45.97,6.57,21.48
2018,46.0,6.57,22.0
2018,45.48,6.54,21.63
2018,45.47,6.52,22.31
2018,45.62,6.51,23.66
2018,45.69,6.58,23.15
2018,45.38,6.67,23.92
2018,45.04,6.62,24.31
2018,44.82,6.58,24.92
2018,44.13,6.53,24.67
2018,44.34,6.55,24.29
2018,44.61,6.55,24.41
2018,44.09,6.4,23.48
2018,43.8,6.11,22.56
2018,44.18,6.08,22.9
2018,44.36,6.1,23.39
2018,44.11,5.98,23.8
2018,44.34,6.04,23.59
2018,44.36,6.0,24.32
2018,44.52,6.04,22.17
2018,44.15,6.02,20.96
2018,44.63,6.13,20.8
2018,45.16,6.21,21.23
2018,45.31,6.29,21.85
2018,44.95,6.21,21.46
2018,45.34,6.27,21.55
2018,45.44,6.24,21.31
2018,45.63,6.2,21.01
2018,45.45,6.3,21.65
2018,45.43,6.29,21.7
2018,45.61,6.27,21.57
2018,45.58,6.28,21.55
2018,45.47,6.19,20.37
2018,45.87,6.31,20.51
2018,46.15,6.25,20.64
2018,46.42,6.35,20.71
2018,46.23,6.35,20.51
2018,45.52,6.26,19.74
2018,45.51,6.14,19.89
2018,47.79,6.15,20.2
2018,49.36,6.21,23.33
2018,49.44,6.27,23.67
2018,49.56,6.29,23.67
2018,49.62,6.38,25.83
2018,49.22,6.44,25.51
2018,49.69,6.42,24.47
2018,49.7,6.34,24.0
2018,50.14,6.46,24.21
2018,50.05,6.49,23.95
2018,50.09,6.53,22.97
2018,50.82,6.49,22.82
2018,51.8,6.26,21.78
2018,52.1,6.27,20.57
2018,51.62,6.28,21.65
2018,51.43,6.51,21.59
2018,51.59,6.67,21.82
2018,51.56,6.75,21.59
2018,51.99,6.91,21.5
2018,52.42,6.85,21.26
2018,53.12,6.92,20.79
2018,54.26,6.98,20.31
2018,54.4,6.97,20.35
2018,54.47,7.07,19.88
2018,54.59,7.05,19.12
2018,54.04,6.88,19.41
2018,53.57,6.86,17.89
2018,52.73,6.84,19.07
2018,53.31,6.85,18.8
2018,53.48,6.74,19.5
2018,54.28,6.81,19.67
2018,53.92,6.91,19.82
2018,52.99,6.87,20.06
2018,52.73,6.89,20.18
2018,52.2,6.76,20.0
2018,52.83,6.66,20.4
2018,52.62,6.65,20.04
2018,52.59,6.59,20.2
2018,52.96,6.67,20.31
2018,53.18,6.69,20.93
2018,53.82,6.67,21.0
2018,53.68,6.98,18.53
2018,54.53,7.24,20.76
2018,54.67,7.25,21.12
2018,55.49,7.18,20.31
2018,55.23,7.09,19.6
2018,54.29,6.96,18.33
2018,53.43,6.72,17.85
2018,54.02,6.66,17.78
2018,53.8,6.52,17.7
2018,52.17,6.13,17.48
2018,52.98,6.18,17.47
2018,52.73,6.09,17.55
2018,53.0,6.1,18.49
2018,52.92,6.19,18.85
2018,52.23,6.13,18.07
2018,52.59,6.01,17.98
2018,53.09,5.83,17.46
2018,53.06,5.55,19.86
2018,53.3,5.48,20.3
2018,52.62,5.2,21.4
2018,52.34,5.07,22.66
2018,52.22,5.06,23.14
2018,51.15,5.04,22.53
2018,52.4,5.27,22.8
2018,52.85,5.41,23.19
2018,50.78,5.5,23.28
2018,48.58,5.33,22.93
2018,48.66,5.32,23.25
2018,49.93,5.39,23.41
2018,50.12,5.24,23.84
2018,49.14,5.19,23.6
2018,47.67,5.03,23.32
2018,47.03,5.06,22.98
2018,46.39,5.13,23.14
2018,45.79,5.09,23.24
2018,46.5,4.23,23.71
2018,45.49,4.01,24.45
2018,43.28,3.82,23.32
2018,43.0,3.85,23.54
2018,42.12,3.71,22.5
2018,41.73,3.8,23.08
2018,41.69,3.89,23.13
2018,43.24,3.97,23.22
2018,43.6,4.01,23.17
2018,43.01,4.06,23.44
2018,44.11,4.33,24.4
2018,43.5,4.18,24.58
2018,41.69,3.93,24.49
2018,41.62,3.94,25.3
2018,40.57,3.79,24.4
2018,40.98,3.87,24.81
2018,41.01,3.79,24.79
2018,41.16,3.8,25.16
2018,40.33,3.73,25.19
2018,40.15,3.67,24.38
2018,39.96,3.73,23.44
2018,39.94,3.66,23.13
2018,38.67,3.52,22.02
2018,37.72,3.41,21.56
2018,36.15,3.22,20.97
2018,37.5,3.3,21.8
2018,37.39,3.28,21.48
2018,37.81,3.41,22.42
2018,38.01,3.39,22.61
2019,37.89,3.43,21.01
2019,34.76,3.35,20.63
2019,35.43,3.42,21.2
2019,35.5,3.59,22.45
2019,36.21,3.64,22.93
2019,36.86,3.58,22.9
2019,36.73,3.61,23.03
2019,36.66,3.71,23.23
2019,36.08,3.76,22.83
2019,36.59,3.8,23.25
2019,37.18,3.78,23.47
2019,37.61,3.8,23.43
2019,37.66,3.92,21.81
2019,37.38,3.87,20.53
2019,37.0,3.83,19.63
2019,36.85,3.93,19.58
2019,37.72,3.99,19.9
2019,37.29,3.51,19.83
2019,37.72,3.42,19.9
2019,39.63,3.42,20.6
2019,40.31,3.6,20.77
2019,40.31,3.64,21.07
2019,40.94,3.74,21.02
2019,41.76,3.76,21.5
2019,41.88,3.86,21.62
2019,41.49,3.75,20.98
2019,40.88,3.69,20.5
2019,41.01,3.68,21.24
2019,40.96,3.76,21.21
2019,41.32,3.86,20.85
2019,41.02,3.86,20.45
2019,41.13,4.06,20.53
2019,41.07,3.97,20.77
2019,41.52,4.0,20.42
2019,41.29,3.97,20.22
2019,41.44,3.97,19.77
2019,42.13,4.1,20.19
2019,41.99,3.99,20.13
2019,41.92,3.91,21.09
2019,41.9,3.87,21.33
2019,41.96,3.93,20.48
2019,42.58,3.95,19.93
2019,42.16,3.92,18.93
2019,42.04,3.89,18.77
2019,41.79,3.76,18.98
2019,41.46,3.75,19.04
2019,42.91,4.02,19.42
2019,43.76,4.08,19.2
2019,43.91,4.22,19.47
2019,44.1,4.21,19.69
2019,44.87,4.26,18.91
2019,45.13,4.3,18.54
2019,45.27,4.41,18.22
2019,45.39,4.44,18.33
2019,47.03,4.59,18.43
2019,47.36,4.59,18.19
2019,45.99,4.43,17.55
2019,46.2,4.51,18.02
2019,45.46,4.46,18.36
2019,45.41,4.47,18.69
2019,45.53,4.48,18.68
2019,45.92,4.56,19.28
2019,46.58,4.59,19.3
2019,47.07,4.74,19.74
2019,47.04,4.72,18.08
2019,47.21,4.76,18.41
2019,47.96,4.79,18.74
2019,48.59,4.74,18.33
2019,48.09,4.79,18.56
2019,48.15,4.8,18.03
2019,47.94,4.8,18.13
2019,47.87,4.71,17.93
2019,48.24,4.69,18.33
2019,48.72,4.73,18.32
2019,48.9,4.69,18.32
2019,49.09,4.69,17.98
2019,49.77,4.76,17.71
2019,49.94,4.79,17.69
2019,49.77,4.73,17.27
2019,49.11,4.49,16.45
2019,49.34,4.48,16.27
2019,48.72,4.52,16.28
2019,51.58,4.59,16.0
2019,50.94,4.59,16.48
2019,50.74,4.57,17.11
2019,50.03,4.48,17.22
2019,49.69,4.42,17.15
2019,49.19,4.4,16.71
2019,48.31,4.26,16.25
2019,47.82,4.26,16.13
2019,45.56,4.08,15.5
2019,45.62,4.06,15.63
2019,46.11,4.0,15.5
2019,46.28,4.02,15.4
2019,45.9,4.06,14.82
2019,44.33,3.84,13.73
2019,45.21,3.87,13.83
2019,44.66,3.84,13.6
2019,43.41,3.72,13.3
2019,43.8,3.71,13.33
2019,43.43,3.65,13.0
2019,43.13,3.55,12.83
2019,43.1,3.52,12.82
2019,42.8,3.48,12.66
2019,42.78,3.42,12.45
2019,43.24,3.56,12.93
2019,44.48,3.63,13.42
2019,44.6,3.6,14.07
2019,46.15,3.65,14.06
2019,46.98,3.76,14.46
2019,47.13,3.79,14.73
2019,47.12,3.71,14.89
2019,47.32,3.7,14.33
2019,46.55,3.62,14.44
2019,46.88,3.64,15.13
2019,48.16,3.85,15.65
2019,48.06,3.85,15.18
2019,48.24,3.91,15.13
2019,48.3,3.86,14.81
2019,48.13,3.82,15.06
2019,47.92,3.87,15.02
2019,48.33,4.02,15.15
2019,48.47,4.08,14.86
2019,47.97,4.11,15.01
2019,49.17,4.32,15.54
2019,48.85,4.13,15.28
2019,49.16,4.06,16.1
2019,49.31,3.99,15.7
2019,48.43,3.94,15.48
2019,48.46,3.94,15.4
2019,48.99,4.04,15.93
2019,49.15,4.17,16.1
2019,49.06,4.24,16.36
2019,49.5,4.2,16.96
2019,49.56,4.18,16.9
2019,49.32,4.22,17.22
2019,49.51,4.29,17.05
2019,49.66,4.27,17.33
2019,49.83,4.27,17.48
2019,50.24,4.37,17.37
2019,50.29,4.45,17.74
2019,50.32,4.41,15.63
2019,50.43,4.4,15.35
2019,50.65,4.36,15.73
2019,50.54,4.37,16.22
2019,53.23,4.33,16.45
2019,52.43,4.29,16.3
2019,49.64,4.08,15.75
2019,47.77,3.82,15.42
2019,47.63,3.87,15.5
2019,47.99,3.84,15.57
2019,48.94,3.93,15.99
2019,48.94,3.9,15.93
2019,48.77,3.83,15.72
2019,51.21,3.92,15.73
2019,49.83,3.8,15.43
2019,49.52,3.77,14.77
2019,50.0,4.01,14.82
2019,51.35,4.26,15.19
2019,51.5,4.24,15.27
2019,51.57,4.31,14.88
2019,51.76,4.31,15.03
2019,51.18,4.24,14.74
2019,50.01,4.14,14.33
2019,50.34,4.15,14.59
2019,49.66,4.06,14.48
2019,50.53,4.19,14.89
2019,50.8,4.25,15.5
2019,49.96,4.13,15.26
2019,50.56,4.21,15.23
2019,51.65,4.48,15.32
2019,51.76,4.51,15.31
2019,52.24,4.58,15.58
2019,52.33,4.58,15.7
2019,54.0,4.63,16.54
2019,54.65,4.69,16.9
2019,53.29,4.55,16.56
2019,53.13,4.52,16.5
2019,53.3,4.51,16.37
2019,53.79,4.51,16.54
2019,54.01,4.5,16.53
2019,53.72,4.42,16.46
2019,53.06,4.4,16.35
2019,53.7,4.41,16.13
2019,53.47,4.45,15.27
2019,53.33,4.43,16.22
2019,53.34,4.42,16.58
2019,54.21,4.34,16.27
2019,55.09,4.5,16.4
2019,53.97,4.32,16.31
2019,53.34,4.52,15.63
2019,54.91,4.56,15.65
2019,55.5,4.69,15.9
2019,55.05,4.49,16.26
2019,54.98,4.55,16.49
2019,55.62,4.6,16.62
2019,57.36,4.71,16.74
2019,57.48,4.66,17.24
2019,57.36,4.96,17.33
2019,56.78,4.96,17.47
2019,57.0,4.92,17.65
2019,57.35,4.87,17.52
2019,58.17,4.89,17.3
2019,58.46,5.04,17.22
2019,58.71,4.87,17.08
2019,59.09,4.93,20.33
2019,59.56,5.11,22.0
2019,60.16,5.2,22.72
2019,60.28,5.14,21.62
2019,59.21,5.08,21.25
2019,60.14,5.05,21.27
2019,61.78,5.07,21.1
2019,62.24,5.25,21.46
2019,62.32,5.26,21.57
2019,62.15,5.22,21.78
2019,63.03,5.27,22.77
2019,63.05,5.2,22.5
2019,63.55,5.2,23.28
2019,63.62,5.27,23.36
2019,64.1,5.21,23.76
2019,64.13,5.22,23.59
2019,64.35,5.27,23.52
2019,64.75,5.31,23.54
2019,64.88,5.27,24.0
2019,64.42,5.34,24.08
2019,63.92,5.3,24.06
2019,63.72,5.3,22.73
2019,64.51,5.51,22.97
2019,64.68,5.49,22.37
2019,64.88,5.48,22.26
2019,64.88,5.43,22.08
2019,64.94,5.4,22.43
2019,62.83,5.17,22.53
2019,63.75,5.28,22.52
2019,64.37,5.25,22.29
2019,65.61,5.31,22.59
2019,65.56,5.34,22.96
2019,65.39,5.38,23.38
2019,65.63,5.42,23.81
2019,65.99,5.6,24.18
2019,66.65,5.7,24.35
2019,67.98,5.68,25.57
2019,68.22,5.71,25.7
2019,68.25,5.77,26.35
2019,68.07,5.88,27.12
2019,68.43,5.98,27.53
2019,68.82,6.02,28.13
2019,68.97,5.96,28.36
2019,70.21,5.98,28.9
2019,71.17,5.98,29.02
2019,70.86,5.88,28.6
2019,71.1,5.87,28.09
2020,72.78,5.97,28.71
2020,72.77,5.92,30.27
2020,72.62,5.91,30.1
2020,72.85,6.02,31.44
2020,73.71,6.03,33.23
2020,75.16,6.12,33.25
2020,75.7,6.19,32.33
2020,76.76,6.3,35.04
2020,76.89,6.26,36.49
2020,76.38,6.19,35.86
2020,76.43,6.2,34.3
2020,77.17,6.22,34.38
2020,77.24,6.21,36.57
2020,77.47,6.31,39.63
2020,77.37,6.3,38.8
2020,78.28,6.46,38.26
2020,75.48,6.03,37.63
2020,77.09,6.21,38.45
2020,79.37,6.2,39.32
2020,78.46,6.13,43.39
2020,78.12,6.09,43.53
2020,75.9,6.0,52.41
2020,77.39,6.17,64.6
2020,78.63,6.28,56.4
2020,78.74,6.33,53.06
2020,78.48,6.31,51.32
2020,78.03,6.55,54.67
2020,78.6,6.78,52.23
2020,79.41,6.79,52.65
2020,79.17,6.81,54.53
2020,79.11,7.34,54.2
2020,77.6,7.4,57.33
2020,78.77,7.85,62.99
2020,78.79,7.87,60.8
2020,77.77,7.6,60.87
2020,73.82,7.02,57.57
2020,73.42,6.94,57.11
2020,72.29,6.86,54.22
2020,69.41,6.65,49.32
2020,67.56,6.79,46.03
2020,73.15,6.91,49.58
2020,73.77,7.0,53.8
2020,73.63,7.1,51.1
2020,72.69,7.05,49.72
2020,70.58,6.69,47.13
2020,67.49,6.46,44.2
2020,69.51,6.5,44.53
2020,68.25,6.39,43.57
2020,65.52,5.88,39.63
2020,67.93,6.0,40.5
2020,62.87,5.63,32.99
2020,62.52,5.5,31.46
2020,60.67,5.23,26.99
2020,61.36,5.4,30.13
2020,61.11,5.74,31.8
2020,55.45,5.39,29.47
2020,60.11,6.29,34.25
2020,62.67,6.52,37.13
2020,62.78,6.53,37.33
2020,62.09,6.55,35.05
2020,62.01,6.63,34.44
2020,63.7,6.86,36.2
2020,60.36,6.51,34.26
2020,59.49,6.38,32.95
2020,59.63,6.37,34.37
2020,63.85,6.72,34.73
2020,65.94,6.93,37.67
2020,64.89,6.67,37.15
2020,65.54,6.8,38.35
2020,66.42,6.73,43.47
2020,69.95,7.11,49.46
2020,69.49,7.08,50.21
2020,69.94,7.45,50.63
2020,69.64,7.44,51.66
2020,68.36,7.31,51.04
2020,67.28,7.09,50.22
2020,67.44,7.17,48.93
2020,68.37,7.3,48.93
2020,68.68,7.22,48.72
2020,69.05,7.56,53.3
2020,69.36,7.58,53.67
2020,70.3,7.49,53.55
2020,71.48,7.43,57.99
2020,72.56,7.2,51.52
2020,71.27,7.27,50.8
2020,73.05,7.48,53.26
2020,73.59,7.52,52.65
2020,74.06,7.66,53.09
2020,75.52,7.79,54.93
2020,77.15,8.08,54.93
2020,77.79,8.14,56.22
2020,76.88,8.05,55.07
2020,75.38,8.01,53.56
2020,74.92,8.47,53.67
2020,77.02,8.88,55.65
2020,77.51,9.05,54.8
2020,77.75,9.01,55.07
2020,78.08,9.02,55.5
2020,77.68,9.06,55.45
2020,78.9,9.15,55.64
2020,77.55,8.6,55.18
2020,78.7,8.73,54.98
2020,78.15,8.84,55.67
2020,78.44,8.81,59.93
2020,78.7,8.81,60.58
2020,79.38,8.83,59.86
2020,79.24,8.92,59.72
2020,80.73,8.97,59.1
2020,81.18,8.86,63.33
2020,84.1,9.08,63.63
2020,86.33,9.47,68.5
2020,85.43,9.23,67.93
2020,84.63,9.16,65.87
2020,84.12,9.15,66.59
2020,85.95,9.24,67.53
2020,86.48,9.27,67.0
2020,86.01,9.25,67.95
2020,86.76,9.42,67.73
2020,87.47,9.5,67.26
2020,90.61,9.61,67.47
2020,89.74,9.53,66.73
2020,88.82,9.48,65.73
2020,88.9,9.47,66.33
2020,88.13,9.18,67.33
2020,89.06,9.5,72.51
2020,89.39,9.55,75.69
2020,90.15,9.71,81.87
2020,91.44,9.88,91.85
2020,92.13,10.04,95.3
2020,92.83,10.19,94.48
2020,93.75,10.54,93.9
2020,93.42,10.62,103.26
2020,97.29,10.76,119.67
2020,94.66,10.37,106.0
2020,96.6,10.4,103.33
2020,94.81,10.17,102.11
2020,94.56,10.22,102.5
2020,95.87,10.5,110.0
2020,96.6,10.53,111.67
2020,95.36,10.57,108.43
2020,94.49,10.51,112.6
2020,90.49,10.33,97.67
2020,92.38,10.41,103.2
2020,92.03,10.35,104.31
2020,92.69,10.48,102.32
2020,93.73,10.59,100.88
2020,103.58,10.73,101.14
2020,108.66,11.06,100.65
2020,107.84,11.19,101.83
2020,107.45,11.34,99.99
2020,111.36,11.32,101.15
2020,110.84,11.47,99.98
2020,110.94,11.37,97.17
2020,109.68,11.1,94.67
2020,110.45,11.43,105.67
2020,113.15,11.69,110.08
2020,112.14,11.67,111.25
2020,113.2,12.37,123.06
2020,113.11,12.46,128.26
2020,114.25,12.28,127.4
2020,115.44,12.34,134.8
2020,121.76,12.77,139.7
2020,125.58,12.87,141.93
2020,122.06,12.72,135.2
2020,123.83,12.83,144.4
2020,124.31,12.81,153.04
2020,123.29,13.11,154.57
2020,127.74,13.53,166.71
2020,131.44,13.95,167.5
2020,134.54,14.69,159.68
2020,125.63,13.85,143.93
2020,120.62,13.14,142.67
2020,116.03,12.51,122.91
2020,116.17,12.77,123.0
2020,117.5,13.03,133.0
2020,112.36,12.62,127.5
2020,113.04,13.28,140.0
2020,115.87,13.26,153.98
2020,113.11,13.06,152.6
2020,109.41,12.55,145.93
2020,108.12,12.6,150.33
2020,107.45,12.49,151.89
2020,110.05,12.61,145.92
2020,109.32,12.69,137.38
2020,107.5,12.53,133.17
2020,109.64,12.85,136.24
2020,112.45,13.01,142.69
2020,112.44,13.4,142.83
2020,114.34,13.58,144.64
2020,114.79,13.72,149.63
2020,112.5,13.48,146.38
2020,113.75,13.61,144.55
2020,113.23,14.1,142.93
2020,112.67,14.08,143.3
2020,113.5,14.04,146.33
2020,114.09,13.79,144.86
2020,122.06,14.31,149.58
2020,122.27,14.31,149.63
2020,119.97,14.3,155.3
2020,118.18,13.97,152.19
2020,118.52,14.08,151.98
2020,117.42,13.94,149.0
2020,116.02,13.76,143.92
2020,115.75,13.75,144.32
2020,115.1,13.57,148.41
2020,113.65,13.55,140.96
2020,113.65,13.65,141.92
2020,114.36,13.4,143.5
2020,112.56,13.22,139.53
2020,114.02,13.16,139.35
2020,109.2,12.9,135.86
2020,107.92,12.8,135.66
2020,108.71,13.07,142.59
2020,112.71,13.79,145.13
2020,116.64,14.3,146.67
2020,116.43,14.55,145.52
2020,119.16,14.65,150.83
2020,114.86,13.57,140.03
2020,116.85,13.4,139.57
2020,117.73,13.73,141.0
2020,116.89,13.63,137.51
2020,118.18,13.61,137.48
2020,117.87,13.56,154.0
2020,117.04,13.57,165.33
2020,116.3,13.45,169.54
2020,116.01,13.46,167.5
2020,114.89,13.34,175.33
2020,113.16,13.12,186.66
2020,114.04,13.23,191.33
2020,114.76,13.37,199.59
2020,118.16,13.37,202.6
2020,120.6,13.49,199.28
2020,120.51,13.63,190.51
2020,120.91,13.63,199.66
2020,120.01,13.53,199.68
2020,121.68,13.7,216.26
2020,122.08,13.56,217.09
2020,123.03,13.38,218.11
2020,120.99,13.04,209.25
2020,119.91,12.99,208.0
2020,120.49,13.35,214.25
2020,124.93,13.43,215.63
2020,125.39,13.4,210.83
2020,126.57,13.35,219.61
2020,126.1,13.37,231.67
2020,125.33,13.34,222.83
2020,131.29,13.3,216.63
2020,129.36,13.24,217.17
2020,130.36,13.1,222.03
2020,134.15,13.03,227.13
2020,135.57,13.04,223.3
2020,132.83,13.18,232.2
2020,131.61,13.12,239.57
2021,130.51,13.62,248.16
2021,128.68,13.41,246.95
2021,128.01,13.21,258.0
2021,128.57,13.34,272.33
2021,129.55,13.39,294.83
2021,127.15,13.93,284.81
2021,126.68,13.72,289.33
2021,128.4,13.59,286.82
2021,127.96,13.57,287.67
2021,127.2,13.29,286.63
2021,125.72,13.06,283.33
2021,129.41,13.4,286.5
2021,136.43,13.96,285.24
2021,136.6,13.81,282.67
2021,141.72,13.79,300.13
2021,140.95,13.61,298.63
2021,140.95,13.2,297.17
2021,138.69,13.31,282.67
2021,133.57,13.3,280.8
2021,132.24,13.24,280.67
2021,133.15,13.54,293.5
2021,132.62,13.9,292.69
2021,134.21,13.64,285.5
2021,134.43,13.7,288.26
2021,133.98,14.44,292.59
2021,134.88,14.55,286.6
2021,134.01,14.87,281.61
2021,133.42,15.23,276.63
2021,132.58,15.25,272.44
2021,133.05,15.33,273.67
2021,129.34,15.18,266.61
2021,127.17,14.84,264.9
2021,127.87,15.14,265.6
2021,126.9,15.09,256.17
2021,123.95,14.2,237.87
2021,122.83,14.47,248.33
2021,123.71,14.34,245.74
2021,122.13,13.82,235.57
2021,125.15,13.89,239.67
2021,125.92,13.89,240.37
2021,122.97,13.42,233.57
2021,120.91,12.94,222.82
2021,119.29,12.52,209.28
2021,118.37,12.44,206.71
2021,119.4,12.59,226.03
2021,119.51,12.95,239.28
2021,120.53,13.02,234.17
2021,118.53,12.86,231.63
2021,121.3,13.18,237.73
2021,124.45,13.48,235.97
2021,123.12,13.42,234.58
2021,120.5,13.16,229.74
2021,118.79,12.89,219.08
2021,121.17,13.37,233.21
2021,121.54,13.32,225.93
2021,120.23,13.13,222.67
2021,119.01,12.69,215.17
2021,118.84,12.83,214.61
2021,119.91,13.03,205.49
2021,117.78,12.95,212.55
2021,120.83,13.44,224.0
2021,121.48,13.84,230.81
2021,123.41,13.98,236.05
2021,124.36,14.02,232.18
2021,125.14,14.21,230.46
2021,127.55,14.44,229.85
2021,130.15,14.38,226.99
2021,129.96,15.32,234.93
2021,131.73,15.67,254.33
2021,132.06,15.69,260.26
2021,132.06,16.18,247.9
2021,131.74,16.13,249.8
2021,132.52,15.77,241.8
2021,132.58,15.46,245.75
2021,130.84,15.33,248.28
2021,131.23,15.4,251.26
2021,132.18,15.3,245.79
2021,132.12,15.45,249.77
2021,132.46,15.64,241.33
2021,132.08,15.5,236.17
2021,134.09,15.4,234.08
2021,130.65,15.33,238.49
2021,131.15,15.21,235.33
2021,128.63,14.61,227.82
2021,127.61,14.78,228.43
2021,126.93,14.54,227.01
2021,128.62,14.94,230.0
2021,126.94,14.77,221.68
2021,123.73,14.32,209.03
2021,122.14,14.23,206.8
2021,123.61,14.05,202.15
2021,125.32,14.3,197.62
2021,124.38,14.14,196.58
2021,124.44,14.37,198.75
2021,122.41,14.05,188.74
2021,125.15,14.65,196.28
2021,125.43,15.19,198.89
2021,125.37,15.71,204.83
2021,125.74,15.78,204.66
2021,124.83,15.76,208.72
2021,125.07,15.72,210.38
2021,123.27,16.24,211.86
2021,122.83,16.35,211.27
2021,122.72,16.88,207.79
2021,122.34,17.22,201.52
2021,123.62,17.62,200.2
2021,123.78,17.77,203.33
2021,125.88,17.58,207.7
2021,125.18,17.54,203.93
2021,125.61,17.46,205.53
2021,124.88,17.9,204.19
2021,127.92,18.0,208.5
2021,127.98,17.98,205.6
2021,128.26,17.92,202.83
2021,129.89,18.8,207.16
2021,128.87,19.34,209.45
2021,129.75,18.5,210.46
2021,131.39,18.93,209.52
2021,131.62,19.12,219.07
2021,131.93,19.38,232.54
2021,131.2,19.31,231.27
2021,132.53,20.04,231.57
2021,133.75,20.06,229.17
2021,134.65,20.12,230.94
2021,134.57,20.42,229.33
2021,137.19,20.47,233.33
2021,140.27,20.8,228.0
2021,141.98,20.83,221.9
2021,141.16,20.09,218.14
2021,142.72,20.04,219.64
2021,143.38,20.49,229.08
2021,144.5,20.42,231.09
2021,146.56,20.38,226.2
2021,146.99,19.81,222.05
2021,146.75,19.12,218.9
2021,141.17,19.0,215.73
2021,144.14,18.8,220.8
2021,143.19,19.49,221.62
2021,145.22,19.85,220.72
2021,145.73,19.66,216.27
2021,146.82,19.4,222.73
2021,146.21,19.58,222.17
2021,144.02,19.61,218.32
2021,143.6,19.81,227.9
2021,143.39,19.59,232.51
2021,144.0,19.92,242.31
2021,145.06,20.18,240.88
2021,144.82,20.28,241.63
2021,144.87,20.69,240.32
2021,144.37,20.53,238.78
2021,143.97,20.47,239.68
2021,144.96,20.39,238.86
2021,143.99,20.01,238.39
2021,146.27,19.99,240.93
2021,146.66,20.17,243.3
2021,148.37,20.25,236.5
2021,148.85,19.73,224.86
2021,147.91,19.6,231.92
2021,145.24,20.45,228.85
2021,145.73,20.82,230.71
2021,147.39,21.95,237.38
2021,148.05,21.92,238.41
2021,147.52,22.43,238.99
2021,146.34,22.3,238.47
2021,145.98,22.68,238.33
2021,150.63,23.0,243.67
2021,149.95,22.65,246.8
2021,152.09,22.66,247.33
2021,151.84,22.55,246.99
2021,151.75,22.95,244.67
2021,154.33,22.86,253.4
2021,154.11,22.57,254.82
2021,153.2,22.5,254.03
2021,152.58,22.59,254.2
2021,148.6,22.92,248.26
2021,148.26,22.37,251.49
2021,146.66,22.33,252.29
2021,146.19,22.24,252.97
2021,146.05,22.28,253.68
2021,142.14,21.39,247.33
2021,141.91,21.39,248.25
2021,143.7,21.92,251.22
2021,144.34,22.49,252.73
2021,144.72,22.11,258.27
2021,143.24,21.76,266.33
2021,142.05,21.38,265.21
2021,141.76,20.98,264.5
2021,141.69,21.03,263.04
2021,140.26,20.82,260.26
2021,139.56,20.51,268.99
2021,139.59,20.61,265.77
2021,139.5,20.68,262.22
2021,141.53,21.28,268.33
2021,141.49,21.17,265.46
2021,142.11,21.03,267.08
2021,140.58,21.02,270.77
2021,138.77,20.95,271.8
2021,141.2,21.72,273.42
2021,142.2,21.89,281.07
2021,144.1,22.25,291.75
2021,146.39,22.34,292.65
2021,146.96,22.39,289.83
2021,146.85,22.67,300.0
2021,147.38,23.09,303.33
2021,146.59,23.31,348.34
2021,148.03,25.21,364.98
2021,146.94,25.05,356.96
2021,150.32,24.91,360.33
2021,147.15,25.66,371.74
2021,146.91,25.85,403.25
2021,148.75,26.63,402.86
2021,149.14,26.74,405.13
2021,149.59,31.31,414.5
2021,149.58,31.34,413.29
2021,148.96,31.04,399.0
2021,148.83,32.25,391.5
2021,147.55,30.8,359.37
2021,146.86,30.54,368.32
2021,147.81,30.63,351.5
2021,149.27,30.59,343.99
2021,148.88,30.34,352.4
2021,152.33,30.45,373.21
2021,155.94,32.7,370.67
2021,158.25,33.03,379.57
2021,162.85,34.59,400.65
2021,159.02,32.3,393.5
2021,159.35,32.8,377.59
2021,157.69,32.65,369.59
2021,158.42,33.35,380.89
2021,162.67,33.29,389.33
2021,167.37,33.23,390.95
2021,161.38,32.42,371.0
2021,162.12,32.08,363.53
2021,164.99,30.19,340.55
2021,168.63,32.4,352.56
2021,172.93,32.24,357.46
2021,173.71,32.15,354.16
2021,176.54,31.25,340.33
2021,179.0,30.24,335.0
2021,174.68,28.63,322.14
2021,176.41,30.45,326.25
2021,178.02,31.11,331.66
2021,170.49,28.87,320.22
2021,167.65,28.1,307.23
2021,170.22,29.07,313.17
2021,172.84,29.51,338.55
2021,173.81,30.01,357.66
2021,177.32,31.04,372.33
2021,178.21,31.28,373.0
2021,177.52,30.5,368.0
2021,177.46,30.41,365.18
2021,176.15,29.98,360.67
2022,179.73,30.66,400.36
2022,179.79,30.42,402.67
2022,177.07,29.37,390.11
2022,172.29,28.39,362.67
2022,171.15,28.37,360.31
2022,169.53,27.42,353.03
2022,172.17,28.02,358.62
2022,174.13,28.55,371.61
2022,173.58,28.43,371.87
2022,170.79,27.15,350.67
2022,169.57,26.59,356.93
2022,168.14,26.5,351.56
2022,166.76,25.54,347.22
2022,163.47,24.78,334.85
2022,159.51,23.34,311.17
2022,159.96,22.9,317.09
2022,161.56,24.02,329.23
2022,161.02,23.96,311.8
2022,167.42,22.82,285.83
2022,171.99,24.47,312.66
2022,171.83,25.1,314.57
2022,172.86,25.77,310.5
2022,173.21,25.04,312.33
2022,171.32,24.59,312.17
2022,171.18,25.14,315.92
2022,172.55,25.19,308.76
2022,173.83,26.68,315.42
2022,172.68,26.88,314.6
2022,170.32,26.11,305.32
2022,166.88,24.83,299.63
2022,170.19,26.5,307.67
2022,170.58,26.54,308.81
2022,169.17,25.74,306.17
2022,167.82,24.94,295.62
2022,164.03,24.02,285.58
2022,163.5,24.11,278.43
2022,160.25,23.76,267.49
2022,162.49,24.18,273.17
2022,162.78,24.62,292.29
2022,163.94,24.34,296.63
2022,164.69,24.37,295.49
2022,166.22,24.29,295.48
2022,162.91,23.64,285.22
2022,162.39,23.0,288.71
2022,160.28,22.34,283.33
2022,160.8,23.19,286.85
2022,157.83,22.75,284.82
2022,156.74,23.11,281.27
2022,151.66,22.23,266.9
2022,153.09,23.0,268.52
2022,157.45,24.56,280.67
2022,158.43,24.8,291.67
2022,161.86,26.53,302.62
2022,163.7,27.11,314.28
2022,166.72,27.2,332.62
2022,169.89,26.57,346.9
2022,171.36,28.28,341.5
2022,172.49,28.32,340.6
2022,172.93,28.21,365.96
2022,176.16,28.9,371.59
2022,176.75,28.45,371.32
2022,175.19,28.21,367.71
2022,172.09,27.46,364.92
2022,175.64,27.52,383.3
2022,175.46,27.28,384.29
2022,170.86,25.26,359.67
2022,170.6,24.69,358.86
2022,169.04,23.89,349.48
2022,166.33,22.29,336.16
2022,167.16,22.69,340.4
2022,168.31,22.47,342.08
2022,168.54,22.74,337.57
2022,163.94,22.06,338.31
2022,165.14,22.34,344.98
2022,166.19,22.64,344.67
2022,168.79,22.36,364.07
2022,165.19,20.46,344.95
2022,160.57,19.92,336.21
2022,159.75,19.76,333.33
2022,157.24,19.14,306.0
2022,161.9,20.01,300.0
2022,163.55,20.1,311.47
2022,155.71,19.54,302.12
2022,158.15,19.8,308.03
2022,163.83,20.37,318.5
2022,161.46,19.9,315.2
2022,157.13,19.48,296.0
2022,153.57,18.23,281.88
2022,154.47,18.17,275.12
2022,153.2,17.73,269.92
2022,144.08,16.76,253.22
2022,145.95,17.9,262.45
2022,145.38,17.76,256.59
2022,147.6,18.34,254.83
2022,145.22,18.09,253.5
2022,139.61,17.66,244.67
2022,138.66,17.38,240.53
2022,141.18,16.89,226.65
2022,139.91,16.57,217.97
2022,139.73,17.09,223.11
2022,142.25,18.07,239.56
2022,147.51,18.85,253.27
2022,148.48,19.17,259.6
2022,149.54,19.02,257.33
2022,149.08,19.59,264.21
2022,145.82,19.3,247.8
2022,146.42,19.31,244.87
2022,146.84,18.97,240.0
2022,147.7,19.16,249.96
2022,145.8,18.91,255.55
2022,138.72,17.67,239.5
2022,133.24,16.29,226.63
2022,131.95,16.05,226.33
2022,135.35,16.85,235.66
2022,130.47,15.92,225.17
2022,131.15,15.97,220.97
2022,135.07,16.99,243.58
2022,135.76,16.64,246.83
2022,136.58,16.56,239.32
2022,139.85,17.12,246.07
2022,141.41,17.31,252.07
2022,141.34,17.18,249.97
2022,138.63,15.8,231.17
2022,136.36,15.55,229.46
2022,137.02,15.04,230.23
2022,139.56,14.95,233.15
2022,142.03,15.3,234.56
2022,144.43,15.92,245.36
2022,145.41,16.02,254.98
2022,144.51,15.51,253.06
2022,146.3,15.41,239.77
2022,144.33,15.36,242.06
2022,146.79,15.45,238.65
2022,148.67,15.76,243.62
2022,149.37,16.88,250.52
2022,149.04,17.09,247.14
2022,151.49,17.91,250.66
2022,153.31,18.12,273.27
2022,154.01,17.94,280.79
2022,152.79,17.1,274.15
2022,150.87,16.9,267.31
2022,155.05,17.91,275.93
2022,155.35,18.12,283.3
2022,161.26,18.22,298.32
2022,161.22,18.82,311.88
2022,160.06,18.91,307.83
2022,164.17,18.94,309.55
2022,164.77,19.25,313.61
2022,163.67,19.2,304.61
2022,165.61,18.22,305.2
2022,163.64,17.42,292.4
2022,167.12,18.09,297.51
2022,168.74,18.68,298.24
2022,169.91,18.69,300.16
2022,171.11,19.14,313.13
2022,171.43,19.12,314.67
2022,173.84,18.66,309.66
2022,172.6,18.84,306.5
2022,171.46,18.5,300.36
2022,167.63,17.54,292.4
2022,166.49,17.44,298.83
2022,165.9,17.38,303.65
2022,167.91,17.92,302.96
2022,168.8,17.9,302.0
2022,160.76,16.32,287.74
2022,160.43,16.02,288.48
2022,158.47,15.52,281.25
2022,156.34,14.36,277.58
2022,158.25,14.15,282.35
2022,155.03,13.76,275.99
2022,154.61,13.82,283.84
2022,154.31,13.99,289.5
2022,155.75,14.46,299.85
2022,162.1,14.53,305.49
2022,158.43,13.91,297.4
2022,155.04,13.28,306.0
2022,153.2,13.22,309.12
2022,149.36,13.2,303.71
2022,152.53,13.45,309.84
2022,156.0,13.47,313.33
2022,156.66,14.02,313.8
2022,152.44,13.14,301.29
2022,149.48,12.6,284.5
2022,151.75,12.65,284.09
2022,152.69,12.72,288.67
2022,148.66,12.81,289.0
2022,144.79,12.49,283.65
2022,141.22,12.62,275.57
2022,141.19,12.67,255.16
2022,144.3,13.21,257.5
2022,145.44,13.31,246.67
2022,145.6,13.64,244.58
2022,141.22,12.66,234.57
2022,140.03,12.11,226.99
2022,139.49,11.83,225.75
2022,138.52,11.72,219.3
2022,141.7,12.07,222.99
2022,142.62,12.1,226.26
2022,141.02,11.94,221.86
2022,144.77,12.48,229.82
2022,143.05,12.34,222.93
2022,143.97,12.76,215.55
2022,145.91,12.49,214.66
2022,148.26,12.7,213.5
2022,150.49,13.29,224.35
2022,149.99,13.37,230.6
2022,147.09,13.82,233.81
2022,155.43,13.84,228.86
2022,152.21,13.82,229.85
2022,153.41,13.91,237.4
2022,150.17,14.2,227.87
2022,140.92,13.77,221.2
2022,141.03,14.22,223.8
2022,137.55,14.4,208.9
2022,139.8,14.88,195.2
2022,136.96,14.2,195.89
2022,145.18,15.76,191.0
2022,148.29,16.37,196.52
2022,148.55,16.52,195.73
2022,151.82,16.98,200.82
2022,148.15,16.35,192.57
2022,149.74,16.25,186.16
2022,150.94,15.99,185.19
2022,148.64,15.46,176.77
2022,148.69,16.04,170.92
2022,150.08,16.51,183.62
2022,147.17,16.47,185.2
2022,144.95,16.34,188.5
2022,143.15,15.92,186.38
2022,147.01,16.92,194.76
2022,147.42,17.25,198.92
2022,146.3,16.92,196.25
2022,149.19,16.98,191.27
2022,145.61,16.56,183.65
2022,141.72,16.17,179.38
2022,141.87,17.17,175.2
2022,143.9,17.57,182.5
2022,142.84,17.53,177.37
2022,148.25,18.78,175.05
2022,144.97,18.24,161.62
2022,140.17,17.31,160.93
2022,136.07,17.03,160.99
2022,133.65,16.6,155.25
2022,131.72,16.3,148.47
2022,135.24,16.61,141.26
2022,133.01,16.13,136.63
2022,130.9,15.33,128.62
2022,129.9,15.09,119.67
2022,129.52,14.25,116.27
2022,128.98,14.67,123.57
2022,128.46,14.62,124.48
2023,129.4,14.99,118.8
2023,127.18,14.84,114.59
2023,126.3,14.55,111.75
2023,128.79,15.0,114.39
2023,131.88,16.04,123.52
2023,129.75,15.95,122.76
2023,131.98,16.02,125.95
2023,132.72,16.62,124.13
2023,133.37,16.91,122.63
2023,135.71,17.72,131.7
2023,137.02,17.86,136.68
2023,134.68,17.18,129.99
2023,136.43,17.84,133.51
2023,141.67,19.23,145.38
2023,141.51,19.48,146.5
2023,140.79,19.36,146.41
2023,142.59,20.15,161.42
2023,145.54,20.61,180.68
2023,143.88,20.13,179.77
2023,142.68,19.67,174.3
2023,144.92,21.18,183.81
2023,149.44,21.93,196.75
2023,155.57,21.73,199.0
2023,151.34,21.55,198.17
2023,153.45,22.24,197.5
2023,152.8,22.86,203.0
2023,152.56,23.0,214.0
2023,149.83,22.06,206.2
2023,152.72,22.03,196.3
2023,152.23,23.03,209.82
2023,153.95,22.84,214.66
2023,154.77,22.53,217.65
2023,151.47,21.72,208.44
2023,149.79,21.48,209.71
2023,148.45,21.09,201.99
2023,148.84,23.87,205.14
2023,145.72,23.46,197.67
2023,147.68,23.86,209.42
2023,147.59,23.81,211.23
2023,145.76,23.24,207.2
2023,145.25,23.36,193.75
2023,149.6,23.88,200.48
2023,154.74,24.23,198.6
2023,152.49,24.11,194.2
2023,151.94,24.19,186.5
2023,153.0,24.44,185.18
2023,149.43,23.61,178.29
2023,151.61,23.29,177.35
2023,151.87,24.21,183.8
2023,151.72,24.27,182.34
2023,154.9,25.57,185.81
2023,155.18,26.38,186.22
2023,156.24,26.01,186.44
2023,157.81,26.38,198.0
2023,160.52,27.57,200.66
2023,159.94,27.48,199.31
2023,158.74,27.15,192.36
2023,159.16,26.98,197.39
2023,156.91,26.5,192.35
2023,159.44,27.06,195.29
2023,160.85,27.48,197.33
2023,163.35,27.82,207.79
2023,164.63,27.98,202.69
2023,165.17,27.98,198.74
2023,163.4,26.98,190.68
2023,163.31,27.06,186.39
2023,160.41,27.61,185.1
2023,160.74,27.77,189.19
2023,160.44,27.45,191.58
2023,164.14,26.87,186.5
2023,164.66,26.87,186.28
2023,163.74,26.99,189.69
2023,165.74,28.09,187.69
2023,166.48,27.98,183.5
2023,166.19,28.01,169.7
2023,164.79,27.17,166.0
2023,163.95,27.35,165.65
2023,164.65,27.23,163.47
2023,163.63,27.31,160.67
2023,166.88,27.48,160.48
2023,168.15,27.74,165.0
2023,168.75,29.04,163.28
2023,168.65,28.82,165.49
2023,169.21,28.35,165.0
2023,165.37,27.84,162.95
2023,172.56,28.74,170.79
2023,172.11,29.2,173.8
2023,171.81,28.96,169.82
2023,172.29,29.1,174.43
2023,172.85,28.93,173.57
2023,172.56,28.76,177.38
2023,171.72,28.95,169.76
2023,171.65,29.85,169.52
2023,171.44,30.18,174.5
2023,173.73,31.81,177.06
2023,174.87,31.56,181.95
2023,173.2,31.5,189.32
2023,171.89,31.27,192.96
2023,170.93,30.59,184.22
2023,172.4,39.46,186.78
2023,174.26,39.15,198.6
2023,177.45,41.91,204.48
2023,177.8,40.27,203.95
2023,178.57,40.03,209.8
2023,180.21,40.48,217.25
2023,183.36,39.54,221.29
2023,178.57,39.14,221.91
2023,179.65,39.48,230.83
2023,179.28,38.85,235.23
2023,180.66,39.69,252.42
2023,182.31,39.51,250.97
2023,182.56,41.08,259.68
2023,182.8,42.98,261.57
2023,184.91,43.27,258.95
2023,185.38,43.7,263.6
2023,184.5,43.97,274.75
2023,183.81,43.6,276.99
2023,185.44,43.41,265.0
2023,185.94,42.79,262.45
2023,186.43,42.74,258.37
2023,186.77,41.92,250.39
2023,188.26,41.83,259.88
2023,188.43,41.58,260.74
2023,192.8,42.53,264.45
2023,192.21,42.88,284.25
2023,191.32,43.16,283.85
2023,190.37,42.16,279.97
2023,191.01,43.19,280.78
2023,188.35,42.79,277.52
2023,187.67,42.74,270.9
2023,190.05,43.92,276.52
2023,189.54,46.13,279.45
2023,189.53,48.07,285.3
2023,192.65,46.47,292.23
2023,192.66,47.87,295.26
2023,196.52,47.8,299.29
2023,194.78,47.07,280.93
2023,193.29,45.85,268.0
2023,193.23,45.09,269.85
2023,192.76,46.16,272.9
2023,193.95,46.03,268.04
2023,195.5,47.37,269.13
2023,194.94,47.01,267.25
2023,194.8,47.11,269.08
2023,195.04,46.88,266.47
2023,193.5,45.82,259.52
2023,190.71,45.1,260.49
2023,185.77,45.62,264.77
2023,181.55,45.52,253.65
2023,178.72,45.22,250.92
2023,179.37,44.29,251.1
2023,179.19,43.55,251.8
2023,177.32,42.0,243.79
2023,178.38,43.78,240.66
2023,178.17,45.25,240.5
2023,177.24,44.65,233.97
2023,176.22,44.04,226.74
2023,173.83,43.56,217.58
2023,174.85,47.04,232.13
2023,176.39,48.17,240.82
2023,180.23,47.18,238.98
2023,179.78,50.24,238.92
2023,177.85,47.78,239.0
2023,179.28,46.96,244.38
2023,183.55,49.06,257.48
2023,186.48,49.9,260.51
2023,187.74,49.72,261.18
2023,188.54,49.78,259.08
2023,188.6,48.83,258.0
2023,187.48,48.53,255.39
2023,176.91,46.33,252.81
2023,178.93,46.59,256.52
2023,178.99,46.15,274.85
2023,178.82,45.66,278.39
2023,176.01,45.91,274.98
2023,174.82,45.97,276.71
2023,175.22,45.58,278.98
2023,178.07,44.23,271.44
2023,178.32,43.95,267.85
2023,178.39,43.89,273.93
2023,175.02,42.08,260.86
2023,175.79,42.1,257.79
2023,175.68,42.52,247.1
2023,173.93,42.8,249.55
2023,171.78,42.86,245.33
2023,170.78,43.43,247.55
2023,171.81,44.13,254.77
2023,173.03,45.16,254.28
2023,172.37,45.11,250.02
2023,172.94,44.13,261.86
2023,174.17,44.88,263.6
2023,176.69,45.77,261.65
2023,177.75,45.59,261.36
2023,178.41,46.24,268.94
2023,178.54,46.84,268.6
2023,181.01,47.59,265.41
2023,180.61,47.1,259.6
2023,177.78,46.21,255.4
2023,177.12,44.74,257.18
2023,176.29,43.2,254.63
2023,176.55,43.28,230.61
2023,174.14,42.45,218.86
2023,172.74,43.23,216.98
2023,172.41,43.68,222.05
2023,171.8,43.63,220.1
2023,170.13,42.24,214.8
2023,167.73,41.19,212.41
2023,169.92,41.75,210.88
2023,169.66,40.86,202.8
2023,172.96,42.37,205.99
2023,176.49,43.87,219.2
2023,175.53,45.29,226.37
2023,178.12,45.92,226.32
2023,181.11,46.2,223.12
2023,182.12,46.85,224.15
2023,182.78,48.21,220.8
2023,185.46,48.45,215.38
2023,184.92,49.1,225.4
2023,186.99,49.82,238.14
2023,188.37,49.94,246.7
2023,189.82,49.51,240.88
2023,189.24,49.7,237.39
2023,190.76,50.53,237.1
2023,190.38,50.5,243.62
2023,191.78,50.32,244.01
2023,189.76,48.9,238.75
2023,189.53,48.51,238.33
2023,189.94,48.31,247.0
2023,190.94,48.74,252.75
2023,189.18,48.09,245.22
2023,190.42,47.18,240.19
2023,188.92,46.06,239.37
2023,193.24,46.59,246.66
2023,193.6,47.37,246.57
2023,193.84,46.62,244.08
2023,194.82,47.73,245.27
2023,192.34,47.52,243.44
2023,193.56,47.65,238.99
2023,196.82,48.58,240.3
2023,198.43,48.66,253.88
2023,197.22,49.39,254.13
2023,195.46,50.42,258.74
2023,195.77,49.69,258.34
2023,196.5,49.98,259.84
2023,195.9,49.08,254.8
2023,194.24,49.37,258.22
2023,192.73,49.59,257.97
2023,192.35,49.67,263.34
2023,193.5,49.87,265.13
2023,193.24,49.98,255.19
2024,187.32,49.28,251.25
2024,184.77,48.17,245.68
2024,182.0,48.49,242.7
2024,181.67,49.53,240.12
2024,184.49,52.26,241.25
2024,184.04,54.31,238.96
2024,185.29,54.58,235.5
2024,185.93,55.33,230.93
2024,185.63,54.95,225.34
2024,183.16,56.82,223.49
2024,181.84,56.45,215.67
2024,188.01,57.58,217.45
2024,190.8,59.48,213.19
2024,194.16,60.31,217.8
2024,194.58,59.89,215.65
2024,195.21,62.83,212.73
2024,195.1,62.7,193.0
2024,193.6,61.77,186.78
2024,191.05,62.47,191.48
2024,190.66,63.48,196.36
2024,185.98,62.25,193.97
2024,185.83,63.17,189.88
2024,186.21,66.58,188.69
2024,188.12,69.48,184.68
2024,188.18,69.73,186.49
2024,189.91,70.2,189.79
2024,188.41,70.77,191.62
2024,189.1,72.16,194.12
2024,187.78,74.59,194.73
2024,185.33,73.43,187.26
2024,184.66,74.21,188.89
2024,183.62,73.95,200.88
2024,183.98,74.38,203.17
2024,181.57,71.94,198.6
2024,182.03,68.87,199.44
2024,184.09,78.55,198.32
2024,184.17,82.37,197.57
2024,181.9,80.62,201.78
2024,183.06,79.46,205.6
2024,182.26,78.91,205.3
2024,181.71,79.97,205.28
2024,179.68,82.28,204.52
2024,176.07,87.67,199.75
2024,171.23,86.08,184.59
2024,170.44,89.7,181.58
2024,169.93,92.75,180.04
2024,172.88,97.38,182.73
2024,173.56,88.78,182.87
2024,173.21,91.94,179.43
2024,172.38,91.48,176.05
2024,173.49,90.62,171.17
2024,171.81,89.52,165.18
2024,176.87,92.38,174.72
2024,175.78,90.52,172.82
2024,177.83,90.39,176.25
2024,176.66,92.63,178.18
2024,172.24,94.76,171.2
2024,171.13,96.74,175.24
2024,170.61,96.35,184.25
2024,172.78,93.22,181.91
2024,171.42,91.28,179.57
2024,170.45,92.2,176.75
2024,168.54,90.07,167.69
2024,169.88,90.35,168.82
2024,171.11,90.61,177.19
2024,169.59,88.46,170.86
2024,168.4,88.81,174.5
2024,169.28,87.61,179.22
2024,168.3,87.38,174.93
2024,174.64,90.72,175.88
2024,177.52,90.15,173.81
2024,175.8,90.59,170.69
2024,172.94,88.1,158.19
2024,169.85,88.75,158.33
2024,167.85,86.17,152.2
2024,165.62,84.3,150.94
2024,166.47,80.05,144.44
2024,166.26,82.75,147.26
2024,168.5,84.06,167.97
2024,169.81,83.3,170.88
2024,170.53,88.31,172.12
2024,175.2,87.97,198.87
2024,174.17,88.8,190.95
2024,171.9,85.98,185.86
2024,172.6,86.22,184.6
2024,186.12,89.26,184.78
2024,183.33,92.2,187.56
2024,184.03,91.76,183.26
2024,182.21,91.17,176.06
2024,183.79,91.05,175.62
2024,184.47,91.38,173.06
2024,186.47,90.98,175.4
2024,187.67,91.63,179.49
2024,190.01,94.84,180.0
2024,190.46,95.8,175.79
2024,190.17,94.72,179.63
2024,191.28,95.18,177.75
2024,192.08,95.38,186.88
2024,192.17,96.0,183.8
2024,190.36,106.29,181.9
2024,189.94,106.45,180.08
2024,192.35,114.91,178.25
2024,191.61,115.46,178.15
2024,191.54,115.79,182.67
2024,191.92,112.69,180.32
2024,194.34,114.97,182.64
2024,194.67,116.57,177.76
2024,196.24,122.42,176.15
2024,195.84,125.56,179.73
2024,196.28,121.66,179.35
2024,196.64,123.07,178.57
2024,206.47,122.85,174.75
2024,219.46,126.86,180.55
2024,216.02,129.78,191.08
2024,214.45,132.82,186.0
2024,218.22,133.71,188.81
2024,217.9,136.31,187.2
2024,213.52,140.74,185.21
2024,211.18,130.61,183.95
2024,211.99,124.44,188.8
2024,210.67,126.48,187.97
2024,214.14,128.1,197.76
2024,215.02,126.39,198.72
2024,215.35,127.69,203.2
2024,216.78,124.82,213.23
2024,219.64,123.39,231.3
2024,220.81,128.26,248.35
2024,225.69,128.83,252.37
2024,227.09,130.75,259.44
2024,228.63,133.8,265.61
2024,232.3,135.08,267.59
2024,231.61,136.13,271.0
2024,231.86,131.9,251.84
2024,236.44,131.37,265.6
2024,235.48,129.02,258.62
2024,230.68,121.83,258.47
2024,229.67,122.38,257.14
2024,226.04,121.58,249.44
2024,227.02,124.05,253.21
2024,226.18,124.67,255.76
2024,224.05,119.93,225.99
2024,220.11,116.61,226.0
2024,218.75,116.18,222.28
2024,218.57,116.26,234.27
2024,219.59,111.97,232.41
2024,223.07,118.32,234.68
2024,223.73,120.14,231.87
2024,224.84,108.7,216.13
2024,212.78,103.39,203.88
2024,209.29,107.69,202.9
2024,212.92,108.78,203.49
2024,213.48,105.48,200.7
2024,216.05,106.58,200.88
2024,219.03,111.05,199.26
2024,221.4,116.21,208.49
2024,222.54,118.58,208.44
2024,224.86,123.22,215.88
2024,226.33,124.98,219.8
2024,225.49,129.98,222.98
2024,226.67,129.86,228.22
2024,227.48,129.33,224.66
2024,227.84,130.73,224.8
2024,227.72,129.58,221.48
2024,226.78,131.24,219.09
2024,228.35,129.18,215.66
2024,229.36,128.31,211.84
2024,232.41,124.41,214.89
2024,229.89,121.73,214.57
2024,228.5,116.19,219.9
2024,221.29,113.25,222.22
2024,224.98,109.63,235.0
2024,224.75,108.13,233.6
2024,220.78,106.53,219.87
2024,220.99,109.38,226.4
2024,222.6,117.17,228.47
2024,223.06,120.78,231.45
2024,223.55,119.95,232.67
2024,216.74,118.17,229.96
2024,216.42,118.79,234.57
2024,222.22,117.69,235.68
2024,229.32,119.65,244.24
2024,232.58,118.61,243.99
2024,228.95,116.98,250.0
2024,228.85,121.79,257.19
2024,226.79,124.93,257.05
2024,228.0,127.66,261.75
2024,229.02,124.02,260.7
2024,232.49,121.49,264.86
2024,229.15,122.43,263.98
2024,226.87,119.37,251.16
2024,226.31,124.35,249.79
2024,227.5,125.03,250.96
2024,225.19,130.63,249.83
2024,225.48,133.47,246.21
2024,229.25,134.51,247.43
2024,229.0,134.99,242.79
2024,228.91,135.77,223.34
2024,231.22,139.59,221.91
2024,236.97,138.56,224.26
2024,231.61,136.61,222.82
2024,233.34,140.88,222.08
2024,235.66,138.89,222.28
2024,236.33,143.7,220.48
2024,235.7,144.41,218.22
2024,234.62,142.42,218.72
2024,230.31,141.34,262.12
2024,232.71,144.12,269.49
2024,234.21,143.13,273.54
2024,233.82,142.25,264.98
2024,232.96,140.32,263.35
2024,229.33,137.6,259.75
2024,224.86,137.3,254.0
2024,222.3,138.95,248.9
2024,223.46,140.36,255.28
2024,225.57,146.48,289.59
2024,227.38,148.92,299.75
2024,228.41,149.76,328.71
2024,225.45,148.84,358.64
2024,225.34,149.64,345.84
2024,226.4,149.32,344.6
2024,228.62,148.99,329.98
2024,226.67,145.23,324.68
2024,229.49,141.54,348.55
2024,229.91,147.12,347.38
2024,229.68,147.55,346.6
2024,229.91,152.88,347.99
2024,230.47,147.15,361.53
2024,232.99,142.04,361.93
2024,235.31,139.29,346.96
2024,235.43,137.21,342.55
2024,237.55,139.34,345.45
2024,240.53,140.44,360.0
2024,242.49,140.53,355.69
2024,243.84,145.78,358.1
2024,244.27,146.54,375.43
2024,244.36,145.7,389.49
2024,246.97,139.95,404.8
2024,247.94,141.82,409.73
2024,250.52,140.17,424.88
2024,248.47,138.44,429.3
2024,249.02,139.6,436.3
2024,251.1,134.4,463.19
2024,253.55,131.59,483.99
2024,254.0,136.7,488.54
2024,251.72,134.03,456.36
2024,254.72,135.28,447.08
2024,255.37,139.79,434.51
2024,257.93,141.9,462.78
2024,259.81,140.85,465.33
2024,258.42,139.02,450.0
2024,253.22,140.27,427.0
2024,253.0,138.07,427.93
2025,248.83,138.88,392.73
2025,243.91,144.9,411.88
2025,247.06,152.16,426.43
2025,245.28,153.13,414.33
2025,243.44,143.95,402.5
2025,239.9,139.92,399.28
2025,234.41,133.49,403.79
2025,235.86,136.38,422.64
2025,238.7,136.45,429.8
2025,237.75,138.75,424.0
2025,232.03,138.5,439.74
2025,224.17,141.83,433.2
2025,223.87,147.79,428.0
2025,226.78,147.23,420.73
2025,225.38,148.97,418.88
2025,231.9,128.4,406.69
2025,239.93,129.0,400.59
2025,239.6,126.89,398.59
2025,240.53,125.0,412.5
2025,246.92,127.85,419.99
2025,231.58,118.57,389.17
2025,232.87,121.2,394.0
2025,232.41,125.0,388.39
2025,233.54,128.77,375.4
2025,233.74,130.37,380.55
2025,230.59,135.0,362.7
2025,235.23,134.48,349.37
2025,236.96,132.24,346.4
2025,242.34,136.5,358.69
2025,245.55,139.25,362.0
2025,245.18,143.44,359.1
2025,246.01,141.36,367.34
2025,246.78,140.66,362.3
2025,248.69,141.46,354.98
2025,248.86,138.59,342.4
2025,250.0,130.2,328.89
2025,244.98,133.73,309.0
2025,242.46,135.01,297.23
2025,242.09,125.09,293.88
2025,244.03,123.7,303.94
2025,240.07,119.31,284.35
2025,236.55,118.28,279.55
2025,237.16,115.35,272.12
