X,Y0,Y1,Y2
2010,7.97,0.25,1.67
2010,7.77,0.24,2.03
2010,7.68,0.24,1.73
2010,7.56,0.24,1.54
2010,7.62,0.24,1.33
2010,7.8,0.25,1.11
2010,7.92,0.25,1.17
2010,7.83,0.24,1.19
2010,7.89,0.24,1.2
2010,7.72,0.25,1.24
2010,7.71,0.26,1.34
2010,7.74,0.25,1.43
2010,7.68,0.25,1.42
2010,7.53,0.24,1.48
2010,7.62,0.25,1.46
2010,7.99,0.25,1.39
2010,7.83,0.24,1.42
2010,7.84,0.24,1.44
2010,7.84,0.24,1.43
2010,7.98,0.24,1.41
2010,8.01,0.24,1.39
2010,7.91,0.22,1.39
2010,7.82,0.21,1.36
2010,7.91,0.22,1.4
2010,7.93,0.21,1.46
2010,7.96,0.21,1.48
2010,7.93,0.22,1.44
2010,7.88,0.22,1.34
2010,7.9,0.22,1.33
2010,7.85,0.22,1.31
2010,7.7,0.21,1.26
2010,7.63,0.21,1.19
2010,7.59,0.22,1.23
2010,7.53,0.22,1.25
2010,7.67,0.22,1.29
2010,7.67,0.22,1.31
2010,7.64,0.23,1.28
2010,7.65,0.23,1.27
2010,7.59,0.24,1.36
2010,7.32,0.23,1.31
2010,7.35,0.23,1.33
2010,7.4,0.23,1.35
2010,7.31,0.23,1.32
2010,7.4,0.23,1.35
2010,7.37,0.22,1.32
2010,7.58,0.22,1.38
2010,7.6,0.22,1.42
2010,7.8,0.23,1.42
2010,7.82,0.23,1.4
2010,7.97,0.24,1.4
2010,8.03,0.24,1.4
2010,7.97,0.24,1.4
2010,8.08,0.25,1.39
2010,8.11,0.24,1.44
2010,8.15,0.24,1.47
2010,8.34,0.24,1.54
2010,8.37,0.24,1.42
2010,8.55,0.25,1.42
2010,8.66,0.26,1.44
2010,8.68,0.26,1.4
2010,8.82,0.27,1.34
2010,8.84,0.28,1.35
2010,8.88,0.28,1.39
2010,8.79,0.28,1.43
2010,8.73,0.28,1.47
2010,8.74,0.28,1.48
2010,8.63,0.27,1.38
2010,8.52,0.26,1.41
2010,8.72,0.26,1.42
2010,8.8,0.26,1.42
2010,8.75,0.25,1.38
2010,8.87,0.25,1.39
2010,8.95,0.25,1.38
2010,9.02,0.25,1.35
2010,9.1,0.26,1.39
2010,9.11,0.26,1.4
2010,9.49,0.26,1.39
2010,9.61,0.26,1.38
2010,9.45,0.26,1.36
2010,9.47,0.27,1.38
2010,9.48,0.26,1.4
2010,9.34,0.27,1.4
2010,9.39,0.28,1.4
2010,9.33,0.28,1.46
2010,9.34,0.28,1.43
2010,9.28,0.28,1.43
2010,9.22,0.28,1.46
2010,9.21,0.28,1.52
2010,9.34,0.29,1.46
2010,9.43,0.29,1.5
2010,9.65,0.29,1.69
2010,9.63,0.29,1.66
2010,9.63,0.29,1.67
2010,9.68,0.29,1.71
2010,9.6,0.29,2.0
2010,9.59,0.29,1.94
2010,9.54,0.31,2.03
2010,9.36,0.31,2.2
2010,9.27,0.3,2.09
2010,9.16,0.3,2.05
2010,9.33,0.31,2.05
2010,9.29,0.32,2.09
2010,9.44,0.32,2.23
2010,9.39,0.32,2.38
2010,9.5,0.32,2.4
2010,9.57,0.32,2.4
2010,9.56,0.32,2.4
2010,9.47,0.31,2.36
2010,9.57,0.33,2.43
2010,9.61,0.33,2.29
2010,9.6,0.34,2.15
2010,9.71,0.34,2.1
2010,9.76,0.35,2.16
2010,9.67,0.35,2.17
2010,9.72,0.34,2.18
2010,9.67,0.35,2.19
2010,9.79,0.34,2.12
2010,9.72,0.35,2.03
2010,9.73,0.34,2.0
2010,9.72,0.33,2.06
2010,9.69,0.33,2.1
2010,9.74,0.33,2.15
2010,9.77,0.34,2.18
2010,9.81,0.35,2.19
2010,9.8,0.34,2.17
2010,9.8,0.35,1.91
2010,9.84,0.35,1.78
2010,9.83,0.35,1.87
2010,9.81,0.35,1.86
2010,9.75,0.35,1.82
2011,9.95,0.37,1.8
2011,10.02,0.36,1.8
2011,10.07,0.39,1.79
2011,10.1,0.44,1.87
2011,10.13,0.46,1.91
2011,10.34,0.47,1.91
2011,10.39,0.48,1.91
2011,10.38,0.54,1.83
2011,10.44,0.55,1.8
2011,10.5,0.55,1.77
2011,10.39,0.54,1.71
2011,10.5,0.54,1.7
2011,10.19,0.52,1.63
2011,10.09,0.53,1.57
2011,10.17,0.57,1.65
2011,10.29,0.57,1.66
2011,10.41,0.57,1.66
2011,10.38,0.57,1.67
2011,10.38,0.57,1.66
2011,10.24,0.56,1.61
2011,10.41,0.57,1.65
2011,10.4,0.6,1.61
2011,10.37,0.59,1.59
2011,10.44,0.59,1.58
2011,10.64,0.58,1.55
2011,10.71,0.57,1.68
2011,10.82,0.55,1.61
2011,10.85,0.53,1.58
2011,10.78,0.56,1.58
2011,10.83,0.56,1.61
2011,10.84,0.53,1.54
2011,10.99,0.54,1.66
2011,10.85,0.6,1.7
2011,10.83,0.59,1.57
2011,10.41,0.57,1.53
2011,10.38,0.54,1.5
2011,10.4,0.53,1.51
2011,10.5,0.54,1.59
2011,10.7,0.54,1.61
2011,10.72,0.53,1.62
2011,10.68,0.51,1.62
2011,10.84,0.49,1.65
2011,10.85,0.48,1.67
2011,10.9,0.48,1.69
2011,10.77,0.48,1.66
2011,10.69,0.45,1.67
2011,10.54,0.43,1.63
2011,10.61,0.43,1.62
2011,10.74,0.43,1.6
2011,10.48,0.41,1.53
2011,10.33,0.42,1.55
2011,10.23,0.41,1.56
2011,10.19,0.42,1.55
2011,10.24,0.42,1.54
2011,10.32,0.41,1.52
2011,10.25,0.41,1.48
2011,10.42,0.45,1.49
2011,10.61,0.45,1.53
2011,10.67,0.45,1.57
2011,10.57,0.44,1.6
2011,10.57,0.44,1.63
2011,10.54,0.43,1.91
2011,10.59,0.43,1.88
2011,10.38,0.42,1.8
2011,10.31,0.41,1.8
2011,10.36,0.41,1.8
2011,10.26,0.42,1.86
2011,10.25,0.42,1.84
2011,10.11,0.41,1.77
2011,10.05,0.4,1.68
2011,10.13,0.41,1.71
2011,10.12,0.42,1.69
2011,10.05,0.43,1.75
2011,10.01,0.42,1.71
2011,10.18,0.42,1.68
2011,10.42,0.43,1.74
2011,10.7,0.43,1.8
2011,10.66,0.44,1.78
2011,10.69,0.45,1.82
2011,10.62,0.44,1.82
2011,10.54,0.46,1.85
2011,10.66,0.47,1.86
2011,10.56,0.47,1.85
2011,10.54,0.45,1.83
2011,10.6,0.44,1.8
2011,10.57,0.43,1.83
2011,10.54,0.45,1.85
2011,10.52,0.46,1.87
2011,10.53,0.46,1.93
2011,10.54,0.46,1.89
2011,10.46,0.47,1.85
2011,10.43,0.44,1.88
2011,10.28,0.42,1.87
2011,10.13,0.4,1.8
2011,10.27,0.42,1.76
2011,10.32,0.42,1.9
2011,10.27,0.42,1.89
2011,10.12,0.42,1.84
2011,10.12,0.43,1.83
2011,10.2,0.42,1.93
2011,10.15,0.44,1.98
2011,10.17,0.45,1.98
2011,10.48,0.46,2.02
2011,10.61,0.46,2.01
2011,10.48,0.44,1.95
2011,10.4,0.44,2.1
2011,10.46,0.43,2.01
2011,10.19,0.42,1.96
2011,10.09,0.41,1.91
2011,10.05,0.4,1.87
2011,9.99,0.4,1.89
2011,9.89,0.4,1.93
2011,10.04,0.4,1.98
2011,9.95,0.39,1.9
2011,9.9,0.39,1.87
2011,9.92,0.38,1.85
2011,9.57,0.37,1.76
2011,9.82,0.37,1.85
2011,9.91,0.37,1.88
2011,9.99,0.37,1.85
2011,10.04,0.37,1.86
2011,10.06,0.36,1.89
2011,10.14,0.36,1.88
2011,10.13,0.36,1.94
2011,10.13,0.37,1.96
2011,10.35,0.37,1.97
2011,10.54,0.37,1.97
2011,10.67,0.36,1.94
2011,10.79,0.36,2.0
2011,10.85,0.36,1.99
2011,10.84,0.35,1.9
2011,10.78,0.34,1.94
2011,10.85,0.34,1.94
2011,10.89,0.34,1.93
2011,11.0,0.33,1.86
2011,11.29,0.32,1.83
2011,11.41,0.33,1.87
2011,11.94,0.33,2.03
2011,11.75,0.34,1.94
2011,11.9,0.35,1.97
2011,12.05,0.34,1.95
2011,12.19,0.34,1.92
2011,12.13,0.33,1.9
2011,11.96,0.32,1.9
2011,11.9,0.32,1.89
2011,12.04,0.33,1.93
2011,11.99,0.35,1.95
2011,11.86,0.34,1.86
2011,11.79,0.33,1.79
2011,11.55,0.32,1.69
2011,11.08,0.29,1.63
2011,11.29,0.3,1.7
2011,11.29,0.3,1.7
2011,11.31,0.31,1.72
2011,11.44,0.34,1.81
2011,11.6,0.31,1.78
2011,11.55,0.31,1.77
2011,11.58,0.3,1.78
2011,11.23,0.28,1.68
2011,11.06,0.28,1.61
2011,10.99,0.28,1.59
2011,11.26,0.3,1.54
2011,11.42,0.3,1.6
2011,11.31,0.3,1.59
2011,11.56,0.3,1.6
2011,11.79,0.31,1.66
2011,11.8,0.32,1.65
2011,11.81,0.32,1.7
2011,11.67,0.32,1.66
2011,11.39,0.3,1.6
2011,11.46,0.3,1.55
2011,11.62,0.34,1.6
2011,11.71,0.33,1.6
2011,11.63,0.33,1.57
2011,11.47,0.33,1.55
2011,11.64,0.33,1.61
2011,11.82,0.35,1.66
2011,11.86,0.36,1.66
2011,12.07,0.37,1.72
2011,12.45,0.35,1.72
2011,12.74,0.35,1.77
2011,12.7,0.35,1.8
2011,12.35,0.32,1.74
2011,12.25,0.33,1.77
2011,12.17,0.32,1.77
2011,12.33,0.33,1.8
2011,12.16,0.33,1.77
2011,12.12,0.32,1.72
2011,11.72,0.3,1.66
2011,11.53,0.29,1.67
2011,11.5,0.3,1.62
2011,11.44,0.31,1.72
2011,11.59,0.32,1.84
2011,11.38,0.33,1.84
2011,11.71,0.34,1.88
2011,12.15,0.34,1.85
2011,12.33,0.34,1.87
2011,12.3,0.36,1.9
2011,12.71,0.36,1.9
2011,12.86,0.36,1.87
2011,12.8,0.36,1.9
2011,12.3,0.36,1.87
2011,12.06,0.34,1.83
2011,12.02,0.34,1.89
2011,12.25,0.35,1.93
2011,12.25,0.34,1.92
2011,12.13,0.34,1.89
2011,12.32,0.35,1.93
2011,12.24,0.36,2.0
2011,12.33,0.35,1.97
2011,12.04,0.33,1.93
2011,12.06,0.33,1.95
2011,12.15,0.34,2.17
2011,12.15,0.34,2.16
2011,12.05,0.34,2.13
2011,12.29,0.35,2.13
2011,12.08,0.34,2.1
2011,11.97,0.34,2.1
2011,11.71,0.35,2.3
2011,11.61,0.35,2.24
2011,11.73,0.34,2.29
2011,11.78,0.34,2.33
2011,11.59,0.33,2.33
2011,11.45,0.32,2.27
2011,11.2,0.34,2.16
2011,11.39,0.35,2.19
2011,11.32,0.34,2.14
2011,11.18,0.33,2.16
2011,11.35,0.35,2.22
2011,11.41,0.35,2.2
2011,11.52,0.36,2.2
2011,11.72,0.36,2.27
2011,11.86,0.37,2.25
2011,11.94,0.37,2.33
2011,11.89,0.36,2.33
2011,11.78,0.35,2.33
2011,11.92,0.35,2.11
2011,11.87,0.34,2.07
2011,11.87,0.34,2.04
2011,11.91,0.34,2.06
2011,11.67,0.32,1.98
2011,11.56,0.32,1.94
2011,11.57,0.32,1.93
2011,11.59,0.31,1.9
2011,11.93,0.32,1.9
2011,11.97,0.32,1.87
2011,12.02,0.33,1.87
2011,12.16,0.33,1.87
2011,12.32,0.33,1.92
2011,12.3,0.32,1.95
2011,12.22,0.32,1.96
2011,12.24,0.32,1.93
2012,12.43,0.33,1.97
2012,12.49,0.33,1.91
2012,12.61,0.34,1.86
2012,12.74,0.34,1.85
2012,12.89,0.34,1.83
2012,12.83,0.34,1.85
2012,12.74,0.33,1.89
2012,12.74,0.33,1.91
2012,12.67,0.32,1.9
2012,12.83,0.32,1.82
2012,12.94,0.32,1.79
2012,13.0,0.33,1.85
2012,12.88,0.33,1.8
2012,12.91,0.34,1.81
2012,12.81,0.34,1.85
2012,13.69,0.34,1.87
2012,13.52,0.35,1.97
2012,13.51,0.34,1.98
2012,13.67,0.34,1.97
2012,13.81,0.34,2.0
2012,13.83,0.35,1.98
2012,13.77,0.36,2.06
2012,13.86,0.37,2.09
2012,14.01,0.36,2.13
2012,14.15,0.36,2.12
2012,14.36,0.38,2.13
2012,14.97,0.38,2.19
2012,14.99,0.37,2.15
2012,15.18,0.38,2.14
2012,15.35,0.38,2.25
2012,15.86,0.39,2.29
2012,15.21,0.38,2.3
2012,15.3,0.38,2.33
2012,15.51,0.37,2.32
2012,15.53,0.37,2.31
2012,15.6,0.37,2.33
2012,15.75,0.37,2.3
2012,15.92,0.36,2.27
2012,16.13,0.36,2.3
2012,16.5,0.36,2.27
2012,16.52,0.35,2.3
2012,16.47,0.36,2.3
2012,16.49,0.35,2.29
2012,16.08,0.34,2.22
2012,16.2,0.34,2.22
2012,16.36,0.34,2.23
2012,16.5,0.34,2.35
2012,16.63,0.34,2.42
2012,17.12,0.34,2.44
2012,17.92,0.34,2.4
2012,18.08,0.34,2.37
2012,17.75,0.34,2.39
2012,18.13,0.34,2.35
2012,18.28,0.33,2.35
2012,18.37,0.33,2.35
2012,18.21,0.33,2.34
2012,18.13,0.33,2.31
2012,18.29,0.34,2.54
2012,18.57,0.34,2.66
2012,18.72,0.35,2.56
2012,18.57,0.35,2.55
2012,18.39,0.36,2.53
2012,18.64,0.36,2.53
2012,19.05,0.35,2.56
2012,18.86,0.34,2.37
2012,19.12,0.34,2.36
2012,19.28,0.33,2.29
2012,19.4,0.33,2.26
2012,19.19,0.34,2.22
2012,19.02,0.34,2.3
2012,18.82,0.34,2.27
2012,18.39,0.33,2.25
2012,18.38,0.33,2.2
2012,18.69,0.32,2.18
2012,18.22,0.33,2.23
2012,17.91,0.32,2.25
2012,17.37,0.3,2.2
2012,17.1,0.31,2.15
2012,18.62,0.3,2.2
2012,18.52,0.3,2.23
2012,18.26,0.3,2.24
2012,18.03,0.3,2.22
2012,17.98,0.31,2.28
2012,17.7,0.3,2.29
2012,17.82,0.3,2.27
2012,17.42,0.29,2.16
2012,17.26,0.29,2.17
2012,17.22,0.29,2.18
2012,17.29,0.29,2.05
2012,17.35,0.29,2.31
2012,17.31,0.31,2.23
2012,17.1,0.31,2.14
2012,16.97,0.31,2.06
2012,16.78,0.3,2.01
2012,16.49,0.3,1.99
2012,16.37,0.29,1.9
2012,16.92,0.28,1.95
2012,17.29,0.28,2.09
2012,17.26,0.29,2.07
2012,17.37,0.29,2.08
2012,17.05,0.29,2.03
2012,17.29,0.29,2.13
2012,17.47,0.29,2.09
2012,17.52,0.29,2.02
2012,17.25,0.28,1.94
2012,17.1,0.28,1.89
2012,17.07,0.28,1.89
2012,17.29,0.28,1.96
2012,17.39,0.29,1.99
2012,17.49,0.28,2.01
2012,17.73,0.29,2.07
2012,17.37,0.29,1.99
2012,17.43,0.29,2.04
2012,17.28,0.28,2.04
2012,17.31,0.28,2.0
2012,17.71,0.29,2.16
2012,17.77,0.31,2.18
2012,17.75,0.31,2.3
2012,17.72,0.31,2.29
2012,17.54,0.3,2.27
2012,17.47,0.3,2.27
2012,17.31,0.29,2.16
2012,17.38,0.3,2.16
2012,17.29,0.31,2.14
2012,17.59,0.32,2.19
2012,17.88,0.32,2.12
2012,18.08,0.32,2.07
2012,18.51,0.32,2.11
2012,18.33,0.31,2.12
2012,18.49,0.31,2.12
2012,18.67,0.31,2.17
2012,18.31,0.3,2.11
2012,18.18,0.29,2.2
2012,18.29,0.29,2.29
2012,18.43,0.29,2.4
2012,18.42,0.29,2.35
2012,18.33,0.3,2.24
2012,18.54,0.31,2.21
2012,18.51,0.3,2.15
2012,18.25,0.3,2.09
2012,18.37,0.3,2.07
2012,17.5,0.3,2.0
2012,17.49,0.31,2.0
2012,17.65,0.31,1.98
2012,18.06,0.31,2.02
2012,18.43,0.31,1.86
2012,18.57,0.32,1.87
2012,18.4,0.31,1.79
2012,18.62,0.32,1.84
2012,18.83,0.32,1.91
2012,18.83,0.33,2.06
2012,18.8,0.33,2.0
2012,18.81,0.34,2.0
2012,18.81,0.35,2.0
2012,19.06,0.34,2.09
2012,19.32,0.34,2.08
2012,19.18,0.34,1.98
2012,19.27,0.34,2.03
2012,19.61,0.34,2.05
2012,20.12,0.34,2.03
2012,20.42,0.34,2.0
2012,20.24,0.34,2.0
2012,20.27,0.34,2.06
2012,20.26,0.34,2.02
2012,20.6,0.34,1.98
2012,20.46,0.33,1.96
2012,20.5,0.33,1.91
2012,20.32,0.33,1.92
2012,20.23,0.33,1.92
2012,20.43,0.32,1.93
2012,20.46,0.31,1.9
2012,20.52,0.32,1.93
2012,20.65,0.31,1.97
2012,20.67,0.31,1.96
2012,20.27,0.31,1.88
2012,20.27,0.31,1.91
2012,20.74,0.32,1.97
2012,21.09,0.32,2.04
2012,21.17,0.32,2.19
2012,21.25,0.31,2.13
2012,21.3,0.32,2.12
2012,21.18,0.32,2.1
2012,21.33,0.32,2.1
2012,21.03,0.31,2.07
2012,20.96,0.32,1.97
2012,20.35,0.31,1.89
2012,20.64,0.3,1.9
2012,20.61,0.31,1.99
2012,20.48,0.31,1.99
2012,20.16,0.3,1.99
2012,20.33,0.3,2.0
2012,20.4,0.31,2.01
2012,20.15,0.32,1.99
2012,19.59,0.31,1.96
2012,19.38,0.3,1.94
2012,19.51,0.3,1.91
2012,19.58,0.29,1.93
2012,19.22,0.29,1.92
2012,19.22,0.29,1.87
2012,19.68,0.3,1.87
2012,19.75,0.3,1.92
2012,19.43,0.3,1.93
2012,19.11,0.29,1.88
2012,19.22,0.28,1.87
2012,19.18,0.28,1.9
2012,18.96,0.29,1.9
2012,18.82,0.28,1.85
2012,18.58,0.28,1.85
2012,18.21,0.28,1.89
2012,18.24,0.29,1.97
2012,18.06,0.29,1.97
2012,17.78,0.3,2.11
2012,17.87,0.3,2.08
2012,17.46,0.3,2.14
2012,17.09,0.3,2.13
2012,16.87,0.3,2.06
2012,16.85,0.28,2.09
2012,16.73,0.28,2.13
2012,16.64,0.28,2.14
2012,16.4,0.27,2.1
2012,16.11,0.27,2.13
2012,17.25,0.27,2.22
2012,17.38,0.27,2.21
2012,17.24,0.27,2.23
2012,17.39,0.28,2.19
2012,17.93,0.28,2.15
2012,17.95,0.28,2.18
2012,17.8,0.28,2.29
2012,18.06,0.28,2.27
2012,17.88,0.28,2.29
2012,18.07,0.28,2.33
2012,17.68,0.28,2.32
2012,17.3,0.28,2.28
2012,16.82,0.28,2.32
2012,16.87,0.28,2.3
2012,16.37,0.29,2.32
2012,16.7,0.3,2.37
2012,16.66,0.29,2.39
2012,16.34,0.29,2.35
2012,15.75,0.29,2.29
2012,15.8,0.29,2.3
2012,16.26,0.29,2.34
2012,16.22,0.3,2.35
2012,16.12,0.29,2.32
2012,15.79,0.29,2.28
2012,15.93,0.29,2.29
2012,15.79,0.29,2.3
2012,15.69,0.28,2.26
2012,15.64,0.28,2.24
2012,16.27,0.28,2.26
2013,16.87,0.29,2.36
2013,16.71,0.3,2.36
2013,16.37,0.3,2.32
2013,16.09,0.3,2.32
2013,16.17,0.3,2.3
2013,15.96,0.29,2.28
2013,16.07,0.29,2.27
2013,15.97,0.28,2.27
2013,15.43,0.28,2.23
2013,15.17,0.28,2.28
2013,15.48,0.28,2.28
2013,15.52,0.28,2.32
2013,15.26,0.28,2.32
2013,15.44,0.28,2.37
2013,15.65,0.28,2.42
2013,14.16,0.28,2.51
2013,13.87,0.29,2.5
2013,13.77,0.29,2.58
2013,13.99,0.29,2.56
2013,14.06,0.29,2.53
2013,13.96,0.29,2.52
2013,13.97,0.29,2.57
2013,13.86,0.29,2.56
2013,13.97,0.29,2.58
2013,14.18,0.29,2.63
2013,14.37,0.29,2.65
2013,14.64,0.29,2.67
2013,14.83,0.29,2.61
2013,14.75,0.29,2.59
2013,14.48,0.29,2.6
2013,14.42,0.29,2.58
2013,14.37,0.3,2.57
2013,14.15,0.29,2.62
2013,13.99,0.3,2.64
2013,13.73,0.29,2.49
2013,13.81,0.29,2.43
2013,13.91,0.29,2.45
2013,13.8,0.29,2.33
2013,13.83,0.29,2.36
2013,13.69,0.3,2.41
2013,13.4,0.3,2.34
2013,13.09,0.3,2.39
2013,13.3,0.3,2.46
2013,13.31,0.3,2.53
2013,13.21,0.3,2.58
2013,13.31,0.3,2.63
2013,13.42,0.3,2.63
2013,13.42,0.3,2.63
2013,13.28,0.3,2.63
2013,13.29,0.3,2.59
2013,13.58,0.3,2.44
2013,13.99,0.29,2.4
2013,14.09,0.29,2.37
2013,13.99,0.29,2.4
2013,14.0,0.29,2.47
2013,14.13,0.29,2.45
2013,14.37,0.29,2.57
2013,14.24,0.29,2.55
2013,13.97,0.3,2.56
2013,13.81,0.3,2.55
2013,13.56,0.3,3.11
2013,13.39,0.29,3.03
2013,13.37,0.29,2.9
2013,13.3,0.29,2.82
2013,12.99,0.29,2.8
2013,13.07,0.29,2.84
2013,13.1,0.3,2.79
2013,13.36,0.3,2.8
2013,13.39,0.3,2.97
2013,13.27,0.31,3.01
2013,13.08,0.3,2.92
2013,13.04,0.3,3.08
2013,12.86,0.3,3.06
2013,12.41,0.3,3.17
2013,12.22,0.29,3.33
2013,12.3,0.29,3.35
2013,12.48,0.3,3.53
2013,12.69,0.31,3.4
2013,12.65,0.31,3.49
2013,12.8,0.31,3.58
2013,13.26,0.32,3.67
2013,13.61,0.32,3.88
2013,13.6,0.32,3.73
2013,13.71,0.32,3.68
2013,13.86,0.32,3.76
2013,14.13,0.32,3.98
2013,14.24,0.32,4.16
2013,14.23,0.32,3.88
2013,14.25,0.32,5.05
2013,14.15,0.34,5.4
2013,14.09,0.34,5.87
2013,14.01,0.34,6.47
2013,13.57,0.34,5.79
2013,13.47,0.34,6.33
2013,13.54,0.35,6.3
2013,13.72,0.35,6.17
2013,13.71,0.35,6.0
2013,13.8,0.35,6.06
2013,13.73,0.34,6.2
2013,13.71,0.34,6.53
2013,13.88,0.34,7.38
2013,13.77,0.34,7.66
2013,13.99,0.34,7.3
2013,14.07,0.34,7.1
2013,13.92,0.34,6.51
2013,13.98,0.35,6.43
2013,13.87,0.34,6.53
2013,13.76,0.34,6.62
2013,13.64,0.34,6.86
2013,13.82,0.34,6.83
2013,13.63,0.34,6.58
2013,13.58,0.34,6.7
2013,13.45,0.34,6.62
2013,13.43,0.34,6.83
2013,13.41,0.34,6.98
2013,13.38,0.34,6.93
2013,13.28,0.36,7.11
2013,13.11,0.34,7.14
2013,12.92,0.34,6.91
2013,12.58,0.34,6.86
2013,12.55,0.33,6.95
2013,12.46,0.34,7.06
2013,12.35,0.33,7.35
2013,12.32,0.33,7.3
2013,12.69,0.33,7.85
2013,12.98,0.33,8.13
2013,13.02,0.33,7.95
2013,13.03,0.33,8.02
2013,12.96,0.33,8.15
2013,13.03,0.33,8.35
2013,13.07,0.34,8.22
2013,13.18,0.34,8.41
2013,13.23,0.34,8.66
2013,13.28,0.34,8.88
2013,13.25,0.34,8.42
2013,13.3,0.34,8.11
2013,13.38,0.34,8.18
2013,13.36,0.34,8.04
2013,13.23,0.34,8.45
2013,13.14,0.34,8.37
2013,13.68,0.34,8.3
2013,13.58,0.34,8.32
2013,13.57,0.33,8.71
2013,13.85,0.33,9.02
2013,14.07,0.34,9.17
2013,14.07,0.34,9.0
2013,14.06,0.34,9.1
2013,14.24,0.35,9.22
2013,14.48,0.35,9.66
2013,14.52,0.35,9.72
2013,14.37,0.34,9.46
2013,14.38,0.34,10.59
2013,14.26,0.34,10.4
2013,14.52,0.34,10.03
2013,15.32,0.34,9.99
2013,15.62,0.35,9.66
2013,15.56,0.36,9.57
2013,15.58,0.36,9.59
2013,15.91,0.35,9.83
2013,15.82,0.35,9.99
2013,15.71,0.35,10.02
2013,15.66,0.35,10.5
2013,15.59,0.35,10.82
2013,15.8,0.35,11.53
2013,15.57,0.35,11.25
2013,15.36,0.35,11.43
2013,15.38,0.35,11.18
2013,15.27,0.35,11.28
2013,15.51,0.35,11.58
2013,15.56,0.35,11.44
2013,15.51,0.35,11.43
2013,15.47,0.35,11.31
2013,15.73,0.35,10.97
2013,15.72,0.36,11.17
2013,14.67,0.37,11.19
2013,14.73,0.37,11.12
2013,14.62,0.37,11.09
2013,14.3,0.38,11.39
2013,14.24,0.38,11.23
2013,14.45,0.38,11.16
2013,14.74,0.38,12.03
2013,14.82,0.38,12.39
2013,15.39,0.37,12.37
2013,15.35,0.37,12.33
2013,15.17,0.37,12.42
2013,15.13,0.37,12.65
2013,15.01,0.37,12.75
2013,14.92,0.37,12.97
2013,15.15,0.37,12.95
2013,15.23,0.37,12.79
2013,15.25,0.37,11.98
2013,15.01,0.37,12.08
2013,15.26,0.37,12.45
2013,15.2,0.37,12.4
2013,15.11,0.37,11.67
2013,15.25,0.36,11.72
2013,15.3,0.36,11.95
2013,15.41,0.36,12.17
2013,15.55,0.37,12.59
2013,15.57,0.37,12.49
2013,15.64,0.37,12.32
2013,15.78,0.37,12.4
2013,16.24,0.38,12.23
2013,16.37,0.37,11.85
2013,16.28,0.37,11.45
2013,16.49,0.37,11.63
2013,16.52,0.36,11.63
2013,16.45,0.36,11.37
2013,16.7,0.36,11.03
2013,16.34,0.36,11.18
2013,16.34,0.36,10.83
2013,16.26,0.36,11.06
2013,16.32,0.36,11.69
2013,16.38,0.35,12.1
2013,16.35,0.35,10.72
2013,16.3,0.35,9.71
2013,16.24,0.37,9.37
2013,16.25,0.37,9.69
2013,16.32,0.37,9.65
2013,16.27,0.38,9.49
2013,16.49,0.38,9.36
2013,16.49,0.38,9.2
2013,16.43,0.37,9.03
2013,16.31,0.37,8.6
2013,16.22,0.37,8.5
2013,16.24,0.36,8.32
2013,16.27,0.36,8.18
2013,16.38,0.37,8.39
2013,16.7,0.37,8.18
2013,17.01,0.37,8.46
2013,17.4,0.37,8.71
2013,17.58,0.37,8.57
2013,17.65,0.38,9.66
2013,17.73,0.38,9.63
2013,17.92,0.38,9.56
2013,17.66,0.37,9.5
2013,17.75,0.37,9.45
2013,17.69,0.37,9.72
2013,17.79,0.37,9.54
2013,17.61,0.36,9.88
2013,17.54,0.36,10.12
2013,17.53,0.36,10.03
2013,17.43,0.36,10.31
2013,17.18,0.36,10.33
2013,17.14,0.36,9.8
2013,17.19,0.37,9.62
2013,17.78,0.38,9.75
2013,17.82,0.37,10.33
2013,17.74,0.38,10.53
2013,17.59,0.37,10.37
2013,17.45,0.38,10.32
2013,17.49,0.38,10.21
2014,17.36,0.38,10.17
2014,17.25,0.38,10.15
2014,17.04,0.38,10.03
2014,17.01,0.38,10.03
2014,17.0,0.39,10.25
2014,17.04,0.38,10.23
2014,16.85,0.38,9.93
2014,16.9,0.37,9.8
2014,17.03,0.37,10.8
2014,17.45,0.38,11.48
2014,17.35,0.38,11.51
2014,17.2,0.38,11.55
2014,17.14,0.38,11.82
2014,17.36,0.38,12.02
2014,17.34,0.38,12.16
2014,17.31,0.37,12.03
2014,17.29,0.37,11.86
2014,16.05,0.37,11.93
2014,15.81,0.37,11.94
2014,15.78,0.37,12.32
2014,15.63,0.37,12.4
2014,15.82,0.37,12.33
2014,15.87,0.37,12.11
2014,16.05,0.37,12.04
2014,16.1,0.37,12.01
2014,16.39,0.37,12.44
2014,16.67,0.38,13.29
2014,16.86,0.38,13.48
2014,16.91,0.4,13.22
2014,17.08,0.41,13.51
2014,17.11,0.42,13.46
2014,17.28,0.42,13.73
2014,17.14,0.43,13.58
2014,16.83,0.44,14.35
2014,16.76,0.45,14.27
2014,16.61,0.45,14.56
2014,16.6,0.45,17.28
2014,16.46,0.45,17.67
2014,16.57,0.45,17.46
2014,16.7,0.44,16.85
2014,16.63,0.43,16.78
2014,16.7,0.44,17.33
2014,16.76,0.44,17.13
2014,16.75,0.44,17.17
2014,16.67,0.44,16.99
2014,16.72,0.44,16.2
2014,16.89,0.44,16.31
2014,16.84,0.44,16.5
2014,16.92,0.44,16.28
2014,16.64,0.43,15.8
2014,16.61,0.43,15.86
2014,16.67,0.43,16.1
2014,16.81,0.45,16.1
2014,16.7,0.44,15.95
2014,16.73,0.45,15.75
2014,16.94,0.44,15.33
2014,17.11,0.44,15.14
2014,17.21,0.45,14.84
2014,16.97,0.43,14.24
2014,16.89,0.43,14.45
2014,16.95,0.43,14.45
2014,16.98,0.45,14.54
2014,17.03,0.44,15.39
2014,17.0,0.45,15.72
2014,16.93,0.45,15.22
2014,16.64,0.44,14.41
2014,16.49,0.45,14.43
2014,16.63,0.45,14.56
2014,16.68,0.45,14.5
2014,16.39,0.44,13.8
2014,16.37,0.44,13.9
2014,16.35,0.44,13.29
2014,16.33,0.44,13.33
2014,16.54,0.44,13.49
2014,16.68,0.44,13.75
2014,16.67,0.45,14.62
2014,16.65,0.45,14.45
2014,17.87,0.46,14.19
2014,17.93,0.46,13.78
2014,18.67,0.45,13.59
2014,18.68,0.44,13.81
2014,18.79,0.44,13.88
2014,18.64,0.45,14.27
2014,18.62,0.44,14.09
2014,18.84,0.44,14.51
2014,18.94,0.45,14.58
2014,18.72,0.44,14.01
2014,18.74,0.45,12.96
2014,18.48,0.43,12.23
2014,18.71,0.44,12.48
2014,18.74,0.44,12.76
2014,18.83,0.43,12.9
2014,18.8,0.43,12.84
2014,18.83,0.43,12.8
2014,19.14,0.44,13.13
2014,19.11,0.44,13.29
2014,19.12,0.44,13.32
2014,19.22,0.44,13.79
2014,19.38,0.44,13.85
2014,19.73,0.45,14.26
2014,19.85,0.45,14.18
2014,20.07,0.46,14.17
2014,20.3,0.45,14.32
2014,20.01,0.46,13.96
2014,20.13,0.45,13.87
2014,20.42,0.45,13.75
2014,20.47,0.45,13.95
2014,20.53,0.46,14.05
2014,20.71,0.46,14.0
2014,20.97,0.46,13.8
2014,20.91,0.46,13.67
2014,20.77,0.47,13.99
2014,20.4,0.47,13.79
2014,20.46,0.47,15.03
2014,20.45,0.47,15.7
2014,20.36,0.47,15.45
2014,20.36,0.46,15.69
2014,20.42,0.46,15.42
2014,20.21,0.45,15.93
2014,20.24,0.45,16.13
2014,20.01,0.44,15.84
2014,20.09,0.44,16.03
2014,20.3,0.44,16.0
2014,20.68,0.44,16.3
2014,20.76,0.45,16.23
2014,20.75,0.45,16.16
2014,20.76,0.45,15.46
2014,21.18,0.45,15.32
2014,21.36,0.45,14.73
2014,21.17,0.46,14.95
2014,21.08,0.45,14.81
2014,21.16,0.45,14.77
2014,21.38,0.46,15.25
2014,21.37,0.46,15.18
2014,21.42,0.47,14.99
2014,21.02,0.46,14.7
2014,20.9,0.45,14.75
2014,20.96,0.44,14.88
2014,20.94,0.45,14.89
2014,21.6,0.44,14.98
2014,21.47,0.43,15.01
2014,21.59,0.43,15.13
2014,21.9,0.43,15.47
2014,21.94,0.43,15.22
2014,21.78,0.43,15.31
2014,21.5,0.43,15.43
2014,21.32,0.42,15.83
2014,21.31,0.42,16.03
2014,21.11,0.43,16.2
2014,21.07,0.42,16.76
2014,21.28,0.43,17.11
2014,21.02,0.45,16.78
2014,21.3,0.45,17.58
2014,21.48,0.45,17.35
2014,21.56,0.46,17.71
2014,21.63,0.45,17.53
2014,21.77,0.46,17.47
2014,22.03,0.46,17.82
2014,22.32,0.47,17.29
2014,22.41,0.46,17.25
2014,22.38,0.46,17.25
2014,22.5,0.46,17.13
2014,22.65,0.46,17.58
2014,22.51,0.47,17.7
2014,22.74,0.47,17.62
2014,22.79,0.46,17.63
2014,22.82,0.47,18.13
2014,23.0,0.47,18.99
2014,22.88,0.47,19.2
2014,22.19,0.48,19.43
2014,22.04,0.48,18.86
2014,22.02,0.48,18.99
2014,22.86,0.47,19.03
2014,22.42,0.47,18.76
2014,22.49,0.47,18.99
2014,22.66,0.47,18.83
2014,22.85,0.46,18.29
2014,22.45,0.46,17.5
2014,22.57,0.46,17.65
2014,22.69,0.47,17.71
2014,22.69,0.47,17.43
2014,22.65,0.47,17.07
2014,22.83,0.45,16.92
2014,22.81,0.45,16.86
2014,22.33,0.45,17.0
2014,22.34,0.45,16.65
2014,22.27,0.45,16.58
2014,22.51,0.44,16.51
2014,22.33,0.44,16.18
2014,22.22,0.44,16.85
2014,22.22,0.44,17.1
2014,22.32,0.44,17.5
2014,22.2,0.44,17.43
2014,22.42,0.44,17.53
2014,22.7,0.43,17.7
2014,22.62,0.43,16.39
2014,22.57,0.41,15.93
2014,22.29,0.42,15.5
2014,21.98,0.42,15.4
2014,21.67,0.42,15.33
2014,21.95,0.43,15.65
2014,22.16,0.42,15.49
2014,22.84,0.44,15.69
2014,23.08,0.44,15.83
2014,23.29,0.44,15.75
2014,23.39,0.44,15.85
2014,23.39,0.44,15.64
2014,23.67,0.45,16.31
2014,23.81,0.45,16.1
2014,23.8,0.45,16.03
2014,23.96,0.47,16.21
2014,24.46,0.48,16.5
2014,24.28,0.48,16.16
2014,24.24,0.48,16.09
2014,24.23,0.48,16.45
2014,24.34,0.49,16.19
2014,24.35,0.48,16.19
2014,24.44,0.48,16.79
2014,24.81,0.47,16.82
2014,25.26,0.47,17.05
2014,25.43,0.47,17.26
2014,26.12,0.48,17.27
2014,25.76,0.48,17.33
2014,25.77,0.48,16.79
2014,26.02,0.49,16.73
2014,26.18,0.49,16.85
2014,26.45,0.5,16.51
2014,26.67,0.5,16.65
2014,26.52,0.5,16.6
2014,26.59,0.51,16.45
2014,26.56,0.5,16.16
2014,25.78,0.5,15.66
2014,25.91,0.51,15.31
2014,26.1,0.51,15.39
2014,25.85,0.51,15.29
2014,25.53,0.51,14.99
2014,25.45,0.5,14.52
2014,25.58,0.5,14.45
2014,25.34,0.49,14.36
2014,24.91,0.48,14.11
2014,24.85,0.49,13.99
2014,24.53,0.48,13.58
2014,24.46,0.48,13.78
2014,25.09,0.5,14.56
2014,25.22,0.49,14.69
2014,25.27,0.5,14.94
2014,25.24,0.5,14.95
2014,25.1,0.5,14.83
2014,25.5,0.5,15.23
2014,25.56,0.5,15.19
2014,25.37,0.49,15.04
2014,25.19,0.49,15.05
2015,24.82,0.49,14.88
2015,24.2,0.48,14.43
2015,23.92,0.48,14.28
2015,24.1,0.47,14.32
2015,24.98,0.48,14.25
2015,25.22,0.48,14.0
2015,25.08,0.48,13.63
2015,25.12,0.49,13.84
2015,24.61,0.48,13.01
2015,24.51,0.48,13.05
2015,23.96,0.48,12.97
2015,24.27,0.49,12.94
2015,24.73,0.49,13.25
2015,25.05,0.5,13.55
2015,25.33,0.5,13.57
2015,25.47,0.5,13.91
2015,25.05,0.49,13.87
2015,26.3,0.48,13.76
2015,26.54,0.48,13.73
2015,26.72,0.48,13.83
2015,26.54,0.47,14.13
2015,26.52,0.48,14.69
2015,26.84,0.49,14.77
2015,26.88,0.49,15.03
2015,26.88,0.5,14.89
2015,26.79,0.49,14.53
2015,27.31,0.5,14.7
2015,27.93,0.5,14.32
2015,28.5,0.54,13.54
2015,28.46,0.54,13.73
2015,28.81,0.54,13.71
2015,28.79,0.54,13.74
2015,28.85,0.54,14.16
2015,28.95,0.54,14.51
2015,29.74,0.54,14.55
2015,29.87,0.54,13.82
2015,29.42,0.54,13.81
2015,29.26,0.54,14.07
2015,29.19,0.53,13.9
2015,29.13,0.55,13.56
2015,28.96,0.54,13.35
2015,28.97,0.54,13.5
2015,28.79,0.55,13.75
2015,28.92,0.55,13.38
2015,28.97,0.55,12.97
2015,28.44,0.56,12.9
2015,27.9,0.56,13.08
2015,27.92,0.55,12.96
2015,28.04,0.55,12.78
2015,27.94,0.56,13.06
2015,28.47,0.56,13.25
2015,28.88,0.56,13.39
2015,28.9,0.56,13.64
2015,28.71,0.57,13.27
2015,28.58,0.56,13.37
2015,28.63,0.55,13.59
2015,28.35,0.54,13.24
2015,27.92,0.51,12.99
2015,27.88,0.52,12.62
2015,28.26,0.52,12.82
2015,28.28,0.52,12.92
2015,27.97,0.51,12.82
2015,28.07,0.51,12.88
2015,28.51,0.52,13.85
2015,28.64,0.53,13.67
2015,28.26,0.53,14.06
2015,28.3,0.54,14.02
2015,28.44,0.55,14.11
2015,28.74,0.55,14.2
2015,28.46,0.54,13.97
2015,28.42,0.55,13.97
2015,28.42,0.55,13.94
2015,28.2,0.54,13.79
2015,28.64,0.54,13.86
2015,28.66,0.54,14.05
2015,28.81,0.54,14.79
2015,29.16,0.54,14.77
2015,29.21,0.54,14.72
2015,29.76,0.54,15.92
2015,30.08,0.54,15.7
2015,29.42,0.54,15.66
2015,28.76,0.54,15.53
2015,29.09,0.55,15.45
2015,29.19,0.55,15.65
2015,28.72,0.54,15.97
2015,28.34,0.54,15.63
2015,28.31,0.54,15.83
2015,28.65,0.53,15.89
2015,28.64,0.5,16.19
2015,28.49,0.51,16.42
2015,28.56,0.51,16.55
2015,28.95,0.52,16.33
2015,29.07,0.52,16.63
2015,29.35,0.52,16.66
2015,29.38,0.51,16.73
2015,29.41,0.52,16.52
2015,29.55,0.51,16.44
2015,29.85,0.51,16.57
2015,29.84,0.51,16.8
2015,29.69,0.53,16.63
2015,29.62,0.54,16.79
2015,29.51,0.54,16.86
2015,29.5,0.55,16.77
2015,29.33,0.54,16.63
2015,29.4,0.54,16.71
2015,29.32,0.54,16.62
2015,29.12,0.54,16.65
2015,29.01,0.54,17.25
2015,28.75,0.53,17.18
2015,29.04,0.53,16.93
2015,29.23,0.53,16.96
2015,28.81,0.53,16.9
2015,28.57,0.51,16.75
2015,28.7,0.52,16.9
2015,28.71,0.53,17.62
2015,28.81,0.53,17.56
2015,28.7,0.54,17.59
2015,28.75,0.53,17.63
2015,28.65,0.53,17.87
2015,29.14,0.52,17.82
2015,29.01,0.52,18.09
2015,28.73,0.51,17.94
2015,28.39,0.5,17.73
2015,28.31,0.49,18.06
2015,28.5,0.51,18.17
2015,28.44,0.5,18.83
2015,28.34,0.5,18.78
2015,28.32,0.49,18.35
2015,27.98,0.48,17.39
2015,27.85,0.49,17.53
2015,27.81,0.48,17.53
2015,28.23,0.48,17.5
2015,28.37,0.48,17.73
2015,28.55,0.48,17.83
2015,28.86,0.49,17.81
2015,29.1,0.49,18.37
2015,29.85,0.49,19.11
2015,29.84,0.49,18.23
2015,28.18,0.48,17.96
2015,28.53,0.48,17.99
2015,28.23,0.48,18.07
2015,27.75,0.47,17.63
2015,27.82,0.48,17.69
2015,27.73,0.49,17.86
2015,27.52,0.49,17.8
2015,27.53,0.49,17.96
2015,27.52,0.49,17.78
2015,26.42,0.49,17.78
2015,26.37,0.51,18.07
2015,26.27,0.5,17.0
2015,26.22,0.57,16.25
2015,27.06,0.58,16.2
2015,26.65,0.58,15.95
2015,26.03,0.58,15.98
2015,26.25,0.58,16.43
2015,26.23,0.57,16.53
2015,26.53,0.57,17.11
2015,26.49,0.57,17.4
2015,26.28,0.57,17.38
2015,25.79,0.56,16.97
2015,25.24,0.54,16.25
2015,24.54,0.53,15.43
2015,25.06,0.53,15.39
2015,24.78,0.53,15.2
2015,25.54,0.55,16.32
2015,25.55,0.56,16.76
2015,25.83,0.55,17.0
2015,25.23,0.54,16.4
2015,25.34,0.54,16.53
2015,25.43,0.55,16.81
2015,24.91,0.54,16.27
2015,25.38,0.55,16.61
2015,25.71,0.56,16.95
2015,25.55,0.56,16.71
2015,25.76,0.55,16.68
2015,26.36,0.55,16.95
2015,26.28,0.56,16.97
2015,26.28,0.56,17.53
2015,26.27,0.58,17.7
2015,25.78,0.57,17.59
2015,26.02,0.57,18.1
2015,25.75,0.56,17.51
2015,25.87,0.56,17.47
2015,26.05,0.58,17.56
2015,26.32,0.59,17.79
2015,25.84,0.58,17.32
2015,25.6,0.58,16.98
2015,25.15,0.6,16.83
2015,24.72,0.6,16.57
2015,25.04,0.6,16.51
2015,25.12,0.63,16.66
2015,25.2,0.63,16.2
2015,25.21,0.64,15.85
2015,24.85,0.64,15.38
2015,25.32,0.64,14.96
2015,25.43,0.64,14.87
2015,25.36,0.65,14.83
2015,25.15,0.68,14.73
2015,25.28,0.68,14.78
2015,25.26,0.68,15.37
2015,25.2,0.68,15.41
2015,25.75,0.68,15.24
2015,26.07,0.68,14.32
2015,26.05,0.69,14.38
2015,26.89,0.7,14.36
2015,26.64,0.7,14.39
2015,26.28,0.7,14.47
2015,26.9,0.7,14.23
2015,27.22,0.69,14.25
2015,27.34,0.69,14.11
2015,27.37,0.7,14.39
2015,27.85,0.7,14.3
2015,27.92,0.7,15.52
2015,27.79,0.69,15.64
2015,27.59,0.78,15.56
2015,27.59,0.77,15.53
2015,26.74,0.76,14.91
2015,26.59,0.75,14.63
2015,26.46,0.75,14.6
2015,26.18,0.74,14.2
2015,25.87,0.74,14.33
2015,26.06,0.75,14.4
2015,26.61,0.76,14.76
2015,27.12,0.77,15.08
2015,27.16,0.77,15.0
2015,27.12,0.77,14.61
2015,27.03,0.77,14.73
2015,27.0,0.77,15.39
2015,26.82,0.77,15.48
2015,27.05,0.78,15.62
2015,26.91,0.8,15.87
2015,26.75,0.81,15.91
2015,26.45,0.81,15.83
2015,27.01,0.82,15.55
2015,27.15,0.82,15.71
2015,26.86,0.82,15.25
2015,26.66,0.82,15.17
2015,26.49,0.81,15.23
2015,26.13,0.8,15.05
2015,25.52,0.8,14.73
2015,25.55,0.81,14.81
2015,25.36,0.81,15.66
2015,25.42,0.82,15.85
2015,24.81,0.8,15.73
2015,24.32,0.8,15.72
2015,24.4,0.81,15.77
2015,24.65,0.81,15.56
2015,24.69,0.81,15.46
2015,24.39,0.81,15.47
2015,24.78,0.82,15.85
2015,24.62,0.83,16.24
2015,24.24,0.82,16.23
2016,23.87,0.79,15.43
2016,23.97,0.82,15.13
2016,23.19,0.79,14.67
2016,22.68,0.76,14.56
2016,22.45,0.75,14.7
2016,22.44,0.73,14.3
2016,22.81,0.75,14.25
2016,22.92,0.75,14.18
2016,22.76,0.71,14.0
2016,22.13,0.68,13.67
2016,22.34,0.69,14.03
2016,22.24,0.68,13.42
2016,22.17,0.69,13.55
2016,22.98,0.7,13.7
2016,23.0,0.7,13.57
2016,22.85,0.7,13.19
2016,21.89,0.7,12.88
2016,21.41,0.7,12.75
2016,22.05,0.72,12.92
2016,21.9,0.72,13.3
2016,21.75,0.71,12.87
2016,21.93,0.69,12.26
2016,22.16,0.7,11.73
2016,22.07,0.69,11.53
2016,21.79,0.64,10.48
2016,21.85,0.65,10.65
2016,21.94,0.64,10.33
2016,21.57,0.62,10.88
2016,21.52,0.63,10.47
2016,22.05,0.66,10.86
2016,22.36,0.68,11.29
2016,22.52,0.76,11.53
2016,22.03,0.75,11.17
2016,22.07,0.78,11.93
2016,21.97,0.78,12.12
2016,21.95,0.78,11.97
2016,22.03,0.78,12.57
2016,22.32,0.78,12.8
2016,22.37,0.78,13.09
2016,22.95,0.8,13.06
2016,22.97,0.81,12.57
2016,23.16,0.81,13.16
2016,23.63,0.81,13.6
2016,23.42,0.8,13.98
2016,23.17,0.79,13.83
2016,23.13,0.79,13.96
2016,23.28,0.79,14.22
2016,23.29,0.79,13.96
2016,23.43,0.79,14.45
2016,23.95,0.79,14.6
2016,24.21,0.81,14.84
2016,24.25,0.81,15.23
2016,24.25,0.84,15.63
2016,24.51,0.83,15.99
2016,24.43,0.83,15.93
2016,24.38,0.85,15.65
2016,24.2,0.85,15.26
2016,24.18,0.86,15.65
2016,24.55,0.87,15.49
2016,25.14,0.89,15.7
2016,25.03,0.88,15.83
2016,25.05,0.89,16.53
2016,25.55,0.9,16.81
2016,25.22,0.88,17.1
2016,25.27,0.88,17.85
2016,25.14,0.88,17.96
2016,25.0,0.88,17.39
2016,25.19,0.89,17.27
2016,25.16,0.88,16.79
2016,25.58,0.9,17.03
2016,25.59,0.91,17.12
2016,25.57,0.92,16.97
2016,24.81,0.91,17.22
2016,24.59,0.91,16.96
2016,24.61,0.9,16.91
2016,24.35,0.9,16.73
2016,24.25,0.9,16.93
2016,24.06,0.9,17.16
2016,23.98,0.91,17.05
2016,22.48,0.91,17.0
2016,22.29,0.91,16.9
2016,21.57,0.88,16.56
2016,21.42,0.89,16.21
2016,21.8,0.88,15.93
2016,21.84,0.86,15.63
2016,21.55,0.87,15.24
2016,21.41,0.87,14.42
2016,21.48,0.87,14.41
2016,21.44,0.88,13.96
2016,21.44,0.89,14.37
2016,21.26,0.89,14.11
2016,21.0,1.0,14.08
2016,21.63,1.05,14.21
2016,21.7,1.04,13.99
2016,21.81,1.07,14.35
2016,21.68,1.07,14.45
2016,21.86,1.09,14.7
2016,22.27,1.09,14.84
2016,22.47,1.12,14.58
2016,22.85,1.12,14.76
2016,23.08,1.13,15.02
2016,23.02,1.13,15.06
2016,23.0,1.15,14.98
2016,22.81,1.16,14.83
2016,22.42,1.17,14.66
2016,22.51,1.15,14.8
2016,23.34,1.15,14.73
2016,22.88,1.15,15.63
2016,22.81,1.14,16.06
2016,22.91,1.16,15.69
2016,22.76,1.16,15.2
2016,22.71,1.17,15.05
2016,22.56,1.16,14.81
2016,22.55,1.17,14.79
2016,22.39,1.17,14.54
2016,22.14,1.17,14.67
2016,22.12,1.18,14.92
2016,22.07,1.18,14.84
2016,22.2,1.17,13.73
2016,22.06,1.19,13.17
2016,21.69,1.16,13.01
2016,21.32,1.12,13.25
2016,21.46,1.13,13.6
2016,21.66,1.15,14.12
2016,21.94,1.16,14.23
2016,22.1,1.16,14.55
2016,21.86,1.16,14.3
2016,21.92,1.18,14.35
2016,22.11,1.2,14.54
2016,22.2,1.25,14.65
2016,22.37,1.29,15.12
2016,22.38,1.31,15.17
2016,22.38,1.31,15.04
2016,22.68,1.32,15.0
2016,22.75,1.3,14.85
2016,22.94,1.31,15.14
2016,22.91,1.32,15.27
2016,23.02,1.34,15.32
2016,23.14,1.33,15.19
2016,22.75,1.34,14.97
2016,22.64,1.37,15.43
2016,22.45,1.4,15.33
2016,23.91,1.4,15.56
2016,23.93,1.39,15.38
2016,23.95,1.41,15.69
2016,24.32,1.41,15.78
2016,24.3,1.4,15.32
2016,24.25,1.38,15.31
2016,24.42,1.41,15.39
2016,24.8,1.43,15.47
2016,24.96,1.45,15.31
2016,25.09,1.46,15.44
2016,25.08,1.46,15.32
2016,25.09,1.47,15.17
2016,24.98,1.56,15.11
2016,25.23,1.56,15.3
2016,25.39,1.55,15.15
2016,25.19,1.54,14.99
2016,25.25,1.53,15.04
2016,25.27,1.54,15.01
2016,25.13,1.54,15.01
2016,25.18,1.56,15.23
2016,25.05,1.55,15.14
2016,24.85,1.52,14.92
2016,24.87,1.53,14.86
2016,24.75,1.54,14.69
2016,24.53,1.53,14.41
2016,24.55,1.52,14.17
2016,24.6,1.56,14.07
2016,24.88,1.56,13.55
2016,24.95,1.55,13.55
2016,25.05,1.56,13.77
2016,24.71,1.54,13.33
2016,24.35,1.53,13.33
2016,24.35,1.5,13.42
2016,25.06,1.51,13.23
2016,26.04,1.49,13.19
2016,26.66,1.54,13.5
2016,26.75,1.56,13.71
2016,26.76,1.61,13.96
2016,26.29,1.58,13.85
2016,26.26,1.6,13.8
2016,26.48,1.61,13.82
2016,26.44,1.61,14.01
2016,26.12,1.59,14.07
2016,26.07,1.64,14.0
2016,26.41,1.64,13.88
2016,26.21,1.66,13.82
2016,26.11,1.7,13.67
2016,26.04,1.71,14.38
2016,26.33,1.71,14.22
2016,26.18,1.71,14.21
2016,26.34,1.67,13.61
2016,26.39,1.67,13.42
2016,26.89,1.66,13.61
2016,27.34,1.65,13.48
2016,27.18,1.64,13.59
2016,27.05,1.62,13.39
2016,27.22,1.64,13.43
2016,27.14,1.64,13.23
2016,27.23,1.65,13.3
2016,27.13,1.64,13.78
2016,27.04,1.67,13.53
2016,26.93,1.66,13.44
2016,27.12,1.74,13.6
2016,27.26,1.78,13.65
2016,26.65,1.79,13.55
2016,26.69,1.79,14.25
2016,26.54,1.77,13.69
2016,26.31,1.76,13.5
2016,26.21,1.77,13.23
2016,25.88,1.73,12.85
2016,25.81,1.7,12.76
2016,25.53,1.69,12.9
2016,25.59,1.76,12.95
2016,25.87,1.77,13.17
2016,25.77,1.74,12.8
2016,25.72,1.76,12.77
2016,25.21,2.18,12.59
2016,24.96,2.17,12.55
2016,24.93,2.15,12.43
2016,25.52,2.28,12.32
2016,25.55,2.33,12.63
2016,25.59,2.32,12.87
2016,25.93,2.32,12.59
2016,26.03,2.31,12.76
2016,25.82,2.35,13.04
2016,25.9,2.34,13.15
2016,26.04,2.33,13.29
2016,25.94,2.33,13.12
2016,25.98,2.32,12.79
2016,25.69,2.27,12.57
2016,25.49,2.19,12.33
2016,25.48,2.28,12.59
2016,25.55,2.31,12.44
2016,25.74,2.35,12.89
2016,26.03,2.38,12.83
2016,26.56,2.32,12.92
2016,26.63,2.22,12.96
2016,26.84,2.27,13.42
2016,26.9,2.39,13.53
2016,27.03,2.46,13.38
2016,26.97,2.48,13.51
2016,27.18,2.52,13.63
2016,27.2,2.61,13.93
2016,27.18,2.61,14.15
2016,26.98,2.68,14.0
2016,26.98,2.71,14.23
2016,27.27,2.89,14.82
2016,27.32,2.95,14.92
2016,27.11,2.75,14.61
2016,27.14,2.76,14.5
2017,26.93,2.62,14.69
2017,26.98,2.6,15.2
2017,27.06,2.61,15.17
2017,27.36,2.57,15.35
2017,27.65,2.66,15.46
2017,27.64,2.69,15.47
2017,27.77,2.62,15.33
2017,27.62,2.58,15.38
2017,27.7,2.59,15.86
2017,27.84,2.54,16.0
2017,27.9,2.54,15.98
2017,27.8,2.62,16.58
2017,27.89,2.63,16.4
2017,27.97,2.61,16.73
2017,27.81,2.65,16.99
2017,28.27,2.69,17.23
2017,28.35,2.71,17.05
2017,28.33,2.76,16.87
2017,28.16,2.73,17.02
2017,28.11,2.71,17.06
2017,30.21,2.81,16.88
2017,29.96,2.85,16.83
2017,29.91,2.86,16.81
2017,30.21,2.89,17.19
2017,30.58,2.98,17.33
2017,30.61,2.94,17.56
2017,30.8,2.93,18.08
2017,30.91,2.97,18.06
2017,31.12,2.81,18.72
2017,31.41,2.71,19.16
2017,31.69,2.7,18.82
2017,31.6,2.7,18.67
2017,31.58,2.65,18.19
2017,31.8,2.74,18.76
2017,31.88,2.76,18.9
2017,31.97,2.62,17.64
2017,31.78,2.52,17.22
2017,31.96,2.59,16.56
2017,31.96,2.59,16.73
2017,32.59,2.57,16.99
2017,32.62,2.54,16.89
2017,32.51,2.44,16.79
2017,32.5,2.42,16.78
2017,32.55,2.45,16.93
2017,32.51,2.5,16.67
2017,32.27,2.45,16.58
2017,32.41,2.47,16.43
2017,32.42,2.52,16.46
2017,32.47,2.53,17.21
2017,32.73,2.54,17.4
2017,32.79,2.56,17.72
2017,32.79,2.62,17.69
2017,32.9,2.7,17.64
2017,33.21,2.71,17.65
2017,32.93,2.67,17.0
2017,32.92,2.68,17.18
2017,32.96,2.7,17.59
2017,32.84,2.67,18.04
2017,33.49,2.69,18.71
2017,33.6,2.68,18.64
2017,33.6,2.71,18.8
2017,33.55,2.71,18.65
2017,33.51,2.7,19.93
2017,33.69,2.58,20.32
2017,33.82,2.52,20.33
2017,33.61,2.5,20.13
2017,33.53,2.51,20.18
2017,33.46,2.48,20.92
2017,33.33,2.44,20.9
2017,33.05,2.43,20.56
2017,33.11,2.4,20.49
2017,32.99,2.45,20.27
2017,33.03,2.46,20.06
2017,33.02,2.49,20.44
2017,33.23,2.5,20.61
2017,33.18,2.51,20.43
2017,33.47,2.55,20.7
2017,33.69,2.6,20.93
2017,33.62,2.6,20.97
2017,33.52,2.61,20.87
2017,33.55,2.61,20.99
2017,34.23,2.64,21.82
2017,34.44,2.6,21.84
2017,34.3,2.58,21.44
2017,34.21,2.59,20.52
2017,34.64,2.57,20.57
2017,35.74,2.58,20.92
2017,36.01,2.59,21.47
2017,35.8,3.0,21.7
2017,35.97,3.22,21.73
2017,36.52,3.2,21.8
2017,36.58,3.32,21.35
2017,36.44,3.39,21.34
2017,36.09,3.33,20.98
2017,35.8,3.29,20.93
2017,35.95,3.41,21.1
2017,36.09,3.44,20.96
2017,36.17,3.45,20.72
2017,36.0,3.48,20.73
2017,36.04,3.46,21.13
2017,36.01,3.59,21.7
2017,36.06,3.61,22.42
2017,36.0,3.63,22.86
2017,35.8,3.58,22.99
2017,36.3,3.59,22.86
2017,36.06,3.67,23.23
2017,36.38,3.7,23.97
2017,36.42,3.7,24.03
2017,36.32,3.95,24.79
2017,36.24,4.16,25.12
2017,34.11,3.75,24.3
2017,34.43,3.82,25.07
2017,34.44,3.8,25.62
2017,33.73,3.79,25.03
2017,33.74,3.82,25.2
2017,34.26,3.89,25.11
2017,34.29,3.99,25.26
2017,34.11,3.94,25.13
2017,34.25,3.96,25.67
2017,34.36,3.93,25.8
2017,34.62,3.87,25.8
2017,34.13,3.75,25.09
2017,34.12,3.75,24.78
2017,33.89,3.72,24.73
2017,33.85,3.65,24.45
2017,33.93,3.6,24.76
2017,33.81,3.56,23.15
2017,33.51,3.59,21.39
2017,33.8,3.64,21.13
2017,34.08,3.8,21.2
2017,34.05,3.86,21.82
2017,34.13,4.02,22.21
2017,34.67,4.11,22.11
2017,34.87,4.07,21.89
2017,35.23,4.14,21.81
2017,35.05,4.11,21.94
2017,35.36,4.13,22.11
2017,35.43,4.14,22.01
2017,35.13,4.18,22.08
2017,35.59,4.17,22.89
2017,35.92,4.1,23.04
2017,35.94,4.2,23.03
2017,35.96,4.17,23.17
2017,35.08,4.08,22.64
2017,35.1,4.11,22.77
2017,35.08,4.06,21.63
2017,37.3,4.1,21.81
2017,36.71,4.11,23.33
2017,36.75,4.2,23.82
2017,37.11,4.26,23.97
2017,37.79,4.31,24.57
2017,37.66,4.25,24.67
2017,37.51,4.26,24.44
2017,37.17,3.93,24.08
2017,37.55,4.16,24.51
2017,38.02,4.19,24.37
2017,38.09,4.16,24.43
2017,37.67,4.09,24.22
2017,37.39,4.06,23.6
2017,37.01,4.02,23.05
2017,37.51,4.02,22.82
2017,37.62,4.11,23.57
2017,37.68,4.13,23.78
2017,37.64,4.12,23.71
2017,37.97,4.08,23.16
2017,38.24,4.09,23.27
2017,38.42,4.11,23.56
2017,38.56,4.19,23.9
2017,38.66,4.25,23.84
2017,38.5,4.17,23.7
2017,38.21,4.15,23.4
2017,38.03,4.15,23.5
2017,37.77,4.12,23.32
2017,37.99,4.19,24.25
2017,38.43,4.2,24.58
2017,37.5,4.24,24.54
2017,37.36,4.26,25.2
2017,37.73,4.45,25.33
2017,37.62,4.73,25.97
2017,37.45,4.69,25.49
2017,37.1,4.68,25.22
2017,36.52,4.51,25.12
2017,35.69,4.51,24.66
2017,35.59,4.39,23.83
2017,36.08,4.42,23.42
2017,36.27,4.36,23.43
2017,36.16,4.35,22.85
2017,36.13,4.44,22.98
2017,36.2,4.5,22.91
2017,36.35,4.46,23.24
2017,36.07,4.49,23.91
2017,36.44,4.5,23.83
2017,36.45,4.49,24.01
2017,36.74,4.61,23.45
2017,37.04,4.77,23.71
2017,36.8,4.72,23.84
2017,36.89,4.77,23.99
2017,36.87,4.82,23.9
2017,37.51,4.89,23.63
2017,37.71,4.92,23.75
2017,37.67,4.9,24.2
2017,36.82,4.89,23.81
2017,36.98,4.93,23.64
2017,36.96,4.91,23.33
2017,36.9,4.91,22.85
2017,36.93,4.92,22.5
2017,37.0,4.85,22.02
2017,38.35,4.99,21.64
2017,39.4,5.09,21.59
2017,39.77,5.14,22.13
2017,39.84,5.19,22.17
2017,39.5,5.14,20.58
2017,40.85,5.16,20.42
2017,41.02,5.19,20.5
2017,41.08,5.26,20.43
2017,41.31,5.24,20.46
2017,41.28,5.1,20.3
2017,41.26,5.4,20.56
2017,41.05,5.37,21.12
2017,40.81,5.31,21.09
2017,40.07,5.24,20.83
2017,40.43,5.29,21.21
2017,40.32,5.32,21.78
2017,40.12,5.3,21.03
2017,40.86,5.35,21.22
2017,41.17,5.37,21.16
2017,41.29,5.37,21.09
2017,41.19,5.38,21.16
2017,41.14,5.31,21.33
2017,40.68,5.2,21.2
2017,40.5,5.01,20.71
2017,40.39,4.95,20.69
2017,40.61,4.95,20.55
2017,40.35,4.77,20.53
2017,40.04,4.7,20.89
2017,40.1,4.79,21.24
2017,40.23,4.82,21.13
2017,40.67,4.82,21.93
2017,40.55,4.79,22.76
2017,40.83,4.76,22.95
2017,40.73,4.68,23.16
2017,40.97,4.76,22.93
2017,41.69,4.9,23.12
2017,41.26,4.89,22.77
2017,41.27,4.9,22.21
2017,41.41,4.9,22.25
2017,41.27,4.84,22.06
2017,40.34,4.89,21.6
2017,40.18,4.95,21.18
2017,40.43,4.93,21.05
2017,40.13,4.91,21.09
2018,40.53,4.93,21.47
2018,41.06,5.28,21.68
2018,40.81,5.39,21.24
2018,41.26,5.36,21.15
2018,41.31,5.56,22.47
2018,41.18,5.54,22.59
2018,41.0,5.54,22.47
2018,41.28,5.6,22.99
2018,41.72,5.56,22.69
2018,42.2,5.63,23.0
2018,42.17,5.57,23.27
2018,42.37,5.6,23.49
2018,42.25,5.71,23.37
2018,41.82,5.78,23.86
2018,42.21,5.93,24.03
2018,41.71,5.95,23.65
2018,41.16,5.93,23.28
2018,40.46,6.02,22.93
2018,40.03,6.14,23.39
2018,39.37,6.09,23.22
2018,39.63,6.16,23.75
2018,39.67,6.11,23.98
2018,39.24,5.88,23.46
2018,38.55,5.77,22.96
2018,38.52,5.58,22.41
2018,38.44,5.81,23.07
2018,37.88,5.82,23.24
2018,37.3,5.91,21.4
2018,38.71,5.82,21.21
2018,38.92,5.8,21.61
2018,39.57,6.0,21.74
2018,40.89,6.14,22.27
2018,41.29,6.18,22.87
2018,41.16,6.23,22.72
2018,41.13,6.23,22.65
2018,41.09,6.08,23.16
2018,41.49,6.09,23.67
2018,42.37,6.14,23.93
2018,42.63,6.16,24.0
2018,42.66,6.14,23.68
2018,42.47,6.04,23.24
2018,41.64,5.86,22.35
2018,41.98,5.87,22.52
2018,42.1,6.01,22.42
2018,41.54,6.04,22.17
2018,41.84,6.01,22.22
2018,42.52,6.08,21.9
2018,43.08,6.26,23.15
2018,43.34,6.3,23.15
2018,42.64,6.2,22.65
2018,42.57,6.25,22.19
2018,42.31,6.22,21.83
2018,41.92,6.17,21.38
2018,41.76,6.21,21.08
2018,41.36,6.24,21.5
2018,40.79,6.13,21.25
2018,40.14,6.0,20.75
2018,40.89,6.05,20.51
2018,41.37,6.19,20.28
2018,40.16,5.68,17.91
2018,40.57,5.83,18.06
2018,39.91,5.81,17.36
2018,39.86,5.7,18.22
2018,40.63,5.61,19.22
2018,41.15,5.67,20.42
2018,40.74,5.48,20.62
2018,40.89,5.49,20.63
2018,41.1,5.67,20.47
2018,41.08,5.67,20.6
2018,41.34,5.82,20.26
2018,41.54,5.88,20.26
2018,41.62,5.76,19.98
2018,42.27,5.9,19.48
2018,42.24,5.92,20.02
2018,41.43,5.77,20.07
2018,40.44,5.74,20.0
2018,39.43,5.73,19.44
2018,39.29,5.66,19.14
2018,39.07,5.48,19.01
2018,39.15,5.58,19.05
2018,38.82,5.7,19.63
2018,39.51,5.67,19.92
2018,39.97,5.62,20.05
2018,41.99,5.66,20.46
2018,41.93,5.79,19.2
2018,43.52,5.92,19.79
2018,44.33,6.21,20.4
2018,43.99,6.2,20.52
2018,44.27,6.33,20.47
2018,44.97,6.45,20.87
2018,45.07,6.43,20.59
2018,44.94,6.4,20.33
2018,44.36,6.26,19.13
2018,44.69,6.15,19.25
2018,44.79,6.22,19.28
2018,44.53,6.24,18.98
2018,44.88,6.19,19.43
2018,44.79,6.08,19.2
2018,44.7,6.13,18.66
2018,44.78,6.18,18.74
2018,44.97,6.19,18.64
2018,44.76,6.22,19.1
2018,44.58,6.27,19.67
2018,44.63,6.32,19.36
2018,45.11,6.38,19.46
2018,45.86,6.58,19.93
2018,45.99,6.6,19.85
2018,46.02,6.57,21.48
2018,46.05,6.57,22.0
2018,45.53,6.54,21.63
2018,45.52,6.52,22.31
2018,45.67,6.51,23.66
2018,45.74,6.58,23.15
2018,45.43,6.67,23.92
2018,45.09,6.62,24.31
2018,44.87,6.58,24.92
2018,44.18,6.53,24.67
2018,44.39,6.55,24.29
2018,44.66,6.55,24.41
2018,44.14,6.4,23.48
2018,43.85,6.11,22.56
2018,44.23,6.08,22.9
2018,44.41,6.1,23.39
2018,44.15,5.98,23.8
2018,44.39,6.04,23.59
2018,44.41,6.0,24.32
2018,44.57,6.04,22.17
2018,44.2,6.02,20.96
2018,44.68,6.13,20.8
2018,45.21,6.21,21.23
2018,45.36,6.29,21.85
2018,45.0,6.21,21.46
2018,45.39,6.27,21.55
2018,45.49,6.24,21.31
2018,45.68,6.2,21.01
2018,45.5,6.3,21.65
2018,45.48,6.29,21.7
2018,45.66,6.27,21.57
2018,45.63,6.28,21.55
2018,45.52,6.19,20.37
2018,45.92,6.31,20.51
2018,46.2,6.25,20.64
2018,46.47,6.35,20.71
2018,46.28,6.35,20.51
2018,45.57,6.26,19.74
2018,45.56,6.14,19.89
2018,47.84,6.15,20.2
2018,49.41,6.21,23.33
2018,49.5,6.27,23.67
2018,49.62,6.29,23.67
2018,49.68,6.38,25.83
2018,49.28,6.44,25.51
2018,49.74,6.42,24.47
2018,49.76,6.34,24.0
2018,50.2,6.46,24.21
2018,50.1,6.49,23.95
2018,50.15,6.53,22.97
2018,50.88,6.49,22.82
2018,51.86,6.26,21.78
2018,52.15,6.27,20.57
2018,51.68,6.28,21.65
2018,51.48,6.51,21.59
2018,51.65,6.67,21.82
2018,51.61,6.75,21.59
2018,52.05,6.91,21.5
2018,52.48,6.85,21.26
2018,53.18,6.92,20.79
2018,54.32,6.98,20.31
2018,54.46,6.97,20.35
2018,54.53,7.07,19.88
2018,54.65,7.05,19.12
2018,54.1,6.88,19.41
2018,53.63,6.86,17.89
2018,52.79,6.84,19.07
2018,53.37,6.85,18.8
2018,53.54,6.74,19.5
2018,54.34,6.81,19.67
2018,53.98,6.91,19.82
2018,53.05,6.87,20.06
2018,52.79,6.89,20.18
2018,52.26,6.76,20.0
2018,52.89,6.66,20.4
2018,52.67,6.65,20.04
2018,52.65,6.59,20.2
2018,53.02,6.67,20.31
2018,53.24,6.69,20.93
2018,53.88,6.67,21.0
2018,53.74,6.98,18.53
2018,54.59,7.24,20.76
2018,54.73,7.25,21.12
2018,55.55,7.18,20.31
2018,55.29,7.09,19.6
2018,54.35,6.96,18.33
2018,53.49,6.72,17.85
2018,54.08,6.66,17.78
2018,53.86,6.52,17.7
2018,52.23,6.13,17.48
2018,53.03,6.18,17.47
2018,52.79,6.09,17.55
2018,53.06,6.1,18.49
2018,52.98,6.19,18.85
2018,52.29,6.13,18.07
2018,52.65,6.01,17.98
2018,53.15,5.83,17.46
2018,53.12,5.55,19.86
2018,53.36,5.48,20.3
2018,52.68,5.2,21.4
2018,52.39,5.07,22.66
2018,52.28,5.06,23.14
2018,51.2,5.04,22.53
2018,52.46,5.27,22.8
2018,52.91,5.41,23.19
2018,50.84,5.5,23.28
2018,48.64,5.33,22.93
2018,48.71,5.32,23.25
2018,49.98,5.39,23.41
2018,50.17,5.24,23.84
2018,49.19,5.19,23.6
2018,47.72,5.03,23.32
2018,47.08,5.06,22.98
2018,46.44,5.13,23.14
2018,45.84,5.09,23.24
2018,46.56,4.23,23.71
2018,45.54,4.01,24.45
2018,43.33,3.82,23.32
2018,43.05,3.85,23.54
2018,42.17,3.71,22.5
2018,41.78,3.8,23.08
2018,41.73,3.89,23.13
2018,43.29,3.97,23.22
2018,43.65,4.01,23.17
2018,43.06,4.06,23.44
2018,44.16,4.33,24.4
2018,43.55,4.18,24.58
2018,41.73,3.93,24.49
2018,41.67,3.94,25.3
2018,40.61,3.79,24.4
2018,41.02,3.87,24.81
2018,41.05,3.79,24.79
2018,41.21,3.8,25.16
2018,40.37,3.73,25.19
2018,40.2,3.67,24.38
2018,40.0,3.73,23.44
2018,39.98,3.66,23.13
2018,38.71,3.52,22.02
2018,37.77,3.41,21.56
2018,36.19,3.22,20.97
2018,37.54,3.3,21.8
2018,37.43,3.28,21.48
2018,37.85,3.41,22.42
2018,38.05,3.39,22.61
2019,37.93,3.43,21.01
2019,34.8,3.35,20.63
2019,35.47,3.42,21.2
2019,35.54,3.59,22.45
2019,36.25,3.64,22.93
2019,36.9,3.58,22.9
2019,36.77,3.61,23.03
2019,36.7,3.71,23.23
2019,36.12,3.76,22.83
2019,36.63,3.8,23.25
2019,37.22,3.78,23.47
2019,37.65,3.8,23.43
2019,37.7,3.92,21.81
2019,37.42,3.87,20.53
2019,37.04,3.83,19.63
2019,36.89,3.93,19.58
2019,37.76,3.99,19.9
2019,37.33,3.51,19.83
2019,37.76,3.42,19.9
2019,39.67,3.42,20.6
2019,40.35,3.6,20.77
2019,40.35,3.64,21.07
2019,40.99,3.74,21.02
2019,41.81,3.76,21.5
2019,41.92,3.86,21.62
2019,41.53,3.75,20.98
2019,40.93,3.69,20.5
2019,41.06,3.68,21.24
2019,41.01,3.76,21.21
2019,41.36,3.86,20.85
2019,41.07,3.86,20.45
2019,41.17,4.06,20.53
2019,41.11,3.97,20.77
2019,41.56,4.0,20.42
2019,41.34,3.97,20.22
2019,41.49,3.97,19.77
2019,42.17,4.1,20.19
2019,42.04,3.99,20.13
2019,41.97,3.91,21.09
2019,41.94,3.87,21.33
2019,42.0,3.93,20.48
2019,42.63,3.95,19.93
2019,42.21,3.92,18.93
2019,42.08,3.89,18.77
2019,41.83,3.76,18.98
2019,41.5,3.75,19.04
2019,42.95,4.02,19.42
2019,43.81,4.08,19.2
2019,43.96,4.22,19.47
2019,44.15,4.21,19.69
2019,44.92,4.26,18.91
2019,45.18,4.3,18.54
2019,45.32,4.41,18.22
2019,45.44,4.44,18.33
2019,47.08,4.59,18.43
2019,47.41,4.59,18.19
2019,46.04,4.43,17.55
2019,46.25,4.51,18.02
2019,45.51,4.46,18.36
2019,45.46,4.47,18.69
2019,45.58,4.48,18.68
2019,45.97,4.56,19.28
2019,46.63,4.59,19.3
2019,47.12,4.74,19.74
2019,47.09,4.72,18.08
2019,47.27,4.76,18.41
2019,48.02,4.79,18.74
2019,48.64,4.74,18.33
2019,48.14,4.79,18.56
2019,48.2,4.8,18.03
2019,47.99,4.8,18.13
2019,47.93,4.71,17.93
2019,48.29,4.69,18.33
2019,48.77,4.73,18.32
2019,48.96,4.69,18.32
2019,49.15,4.69,17.98
2019,49.82,4.76,17.71
2019,49.99,4.79,17.69
2019,49.82,4.73,17.27
2019,49.16,4.49,16.45
2019,49.39,4.48,16.27
2019,48.78,4.52,16.28
2019,51.63,4.59,16.0
2019,50.99,4.59,16.48
2019,50.8,4.57,17.11
2019,50.08,4.48,17.22
2019,49.74,4.42,17.15
2019,49.24,4.4,16.71
2019,48.36,4.26,16.25
2019,47.87,4.26,16.13
2019,45.61,4.08,15.5
2019,45.67,4.06,15.63
2019,46.16,4.0,15.5
2019,46.33,4.02,15.4
2019,45.96,4.06,14.82
2019,44.38,3.84,13.73
2019,45.26,3.87,13.83
2019,44.71,3.84,13.6
2019,43.46,3.72,13.3
2019,43.85,3.71,13.33
2019,43.47,3.65,13.0
2019,43.18,3.55,12.83
2019,43.15,3.52,12.82
2019,42.85,3.48,12.66
2019,42.83,3.42,12.45
2019,43.29,3.56,12.93
2019,44.53,3.63,13.42
2019,44.65,3.6,14.07
2019,46.2,3.65,14.06
2019,47.03,3.76,14.46
2019,47.18,3.79,14.73
2019,47.18,3.71,14.89
2019,47.37,3.7,14.33
2019,46.6,3.62,14.44
2019,46.93,3.64,15.13
2019,48.22,3.85,15.65
2019,48.12,3.85,15.18
2019,48.29,3.91,15.13
2019,48.35,3.86,14.81
2019,48.18,3.82,15.06
2019,47.97,3.87,15.02
2019,48.38,4.02,15.15
2019,48.52,4.08,14.86
2019,48.03,4.11,15.01
2019,49.23,4.32,15.54
2019,48.9,4.13,15.28
2019,49.21,4.06,16.1
2019,49.37,3.99,15.7
2019,48.48,3.94,15.48
2019,48.51,3.94,15.4
2019,49.04,4.04,15.93
2019,49.2,4.17,16.1
2019,49.11,4.24,16.36
2019,49.56,4.2,16.96
2019,49.62,4.18,16.9
2019,49.37,4.22,17.22
2019,49.56,4.29,17.05
2019,49.71,4.27,17.33
2019,49.89,4.27,17.48
2019,50.29,4.37,17.37
2019,50.35,4.45,17.74
2019,50.37,4.41,15.63
2019,50.49,4.4,15.35
2019,50.71,4.36,15.73
2019,50.59,4.37,16.22
2019,53.29,4.33,16.45
2019,52.49,4.29,16.3
2019,49.69,4.08,15.75
2019,47.82,3.82,15.42
2019,47.68,3.87,15.5
2019,48.04,3.84,15.57
2019,49.0,3.93,15.99
2019,49.0,3.9,15.93
2019,48.82,3.83,15.72
2019,51.26,3.92,15.73
2019,49.89,3.8,15.43
2019,49.57,3.77,14.77
2019,50.06,4.01,14.82
2019,51.41,4.26,15.19
2019,51.55,4.24,15.27
2019,51.63,4.31,14.88
2019,51.82,4.31,15.03
2019,51.24,4.24,14.74
2019,50.07,4.14,14.33
2019,50.4,4.15,14.59
2019,49.71,4.06,14.48
2019,50.58,4.19,14.89
2019,50.85,4.25,15.5
2019,50.02,4.13,15.26
2019,50.62,4.21,15.23
2019,51.7,4.48,15.32
2019,51.81,4.51,15.31
2019,52.3,4.58,15.58
2019,52.38,4.58,15.7
2019,54.06,4.63,16.54
2019,54.71,4.69,16.9
2019,53.35,4.55,16.56
2019,53.19,4.52,16.5
2019,53.36,4.51,16.37
2019,53.85,4.51,16.54
2019,54.07,4.5,16.53
2019,53.78,4.42,16.46
2019,53.12,4.4,16.35
2019,53.76,4.41,16.13
2019,53.52,4.45,15.27
2019,53.39,4.43,16.22
2019,53.39,4.42,16.58
2019,54.27,4.34,16.27
2019,55.15,4.5,16.4
2019,54.03,4.32,16.31
2019,53.39,4.52,15.63
2019,54.97,4.56,15.65
2019,55.56,4.69,15.9
2019,55.11,4.49,16.26
2019,55.04,4.55,16.49
2019,55.68,4.6,16.62
2019,57.42,4.71,16.74
2019,57.54,4.66,17.24
2019,57.43,4.96,17.33
2019,56.84,4.96,17.47
2019,57.06,4.92,17.65
2019,57.41,4.87,17.52
2019,58.23,4.89,17.3
2019,58.53,5.04,17.22
2019,58.78,4.87,17.08
2019,59.15,4.93,20.33
2019,59.62,5.11,22.0
2019,60.23,5.2,22.72
2019,60.35,5.14,21.62
2019,59.28,5.08,21.25
2019,60.21,5.05,21.27
2019,61.84,5.07,21.1
2019,62.31,5.25,21.46
2019,62.39,5.26,21.57
2019,62.22,5.22,21.78
2019,63.1,5.27,22.77
2019,63.12,5.2,22.5
2019,63.62,5.2,23.28
2019,63.69,5.27,23.36
2019,64.17,5.21,23.76
2019,64.2,5.22,23.59
2019,64.42,5.27,23.52
2019,64.82,5.31,23.54
2019,64.96,5.27,24.0
2019,64.49,5.34,24.08
2019,63.99,5.3,24.06
2019,63.79,5.3,22.73
2019,64.58,5.51,22.97
2019,64.75,5.49,22.37
2019,64.95,5.48,22.26
2019,64.96,5.43,22.08
2019,65.02,5.4,22.43
2019,62.9,5.17,22.53
2019,63.82,5.28,22.52
2019,64.44,5.25,22.29
2019,65.68,5.31,22.59
2019,65.63,5.34,22.96
2019,65.46,5.38,23.38
2019,65.71,5.42,23.81
2019,66.06,5.6,24.18
2019,66.72,5.7,24.35
2019,68.06,5.68,25.57
2019,68.29,5.71,25.7
2019,68.32,5.77,26.35
2019,68.15,5.88,27.12
2019,68.51,5.98,27.53
2019,68.89,6.02,28.13
2019,69.05,5.96,28.36
2019,70.28,5.98,28.9
2019,71.25,5.98,29.02
2019,70.94,5.88,28.6
2019,71.18,5.87,28.09
2020,72.86,5.97,28.71
2020,72.85,5.92,30.27
2020,72.7,5.91,30.1
2020,72.93,6.02,31.44
2020,73.79,6.03,33.23
2020,75.24,6.12,33.25
2020,75.78,6.19,32.33
2020,76.85,6.3,35.04
2020,76.97,6.26,36.49
2020,76.47,6.19,35.86
2020,76.52,6.2,34.3
2020,77.25,6.22,34.38
2020,77.32,6.21,36.57
2020,77.56,6.31,39.63
2020,77.45,6.3,38.8
2020,78.37,6.46,38.26
2020,75.56,6.03,37.63
2020,77.17,6.21,38.45
2020,79.46,6.2,39.32
2020,78.55,6.13,43.39
2020,78.21,6.09,43.53
2020,75.98,6.0,52.41
2020,77.47,6.17,64.6
2020,78.71,6.28,56.4
2020,78.82,6.33,53.06
2020,78.57,6.31,51.32
2020,78.12,6.55,54.67
2020,78.69,6.78,52.23
2020,79.5,6.79,52.65
2020,79.25,6.81,54.53
2020,79.2,7.34,54.2
2020,77.68,7.4,57.33
2020,78.85,7.85,62.99
2020,78.87,7.87,60.8
2020,77.85,7.6,60.87
2020,73.9,7.02,57.57
2020,73.5,6.94,57.11
2020,72.37,6.86,54.22
2020,69.48,6.65,49.32
2020,67.64,6.79,46.03
2020,73.23,6.91,49.58
2020,73.86,7.0,53.8
2020,73.71,7.1,51.1
2020,72.77,7.05,49.72
2020,70.65,6.69,47.13
2020,67.56,6.46,44.2
2020,69.59,6.5,44.53
2020,68.32,6.39,43.57
2020,65.6,5.88,39.63
2020,68.01,6.0,40.5
2020,62.94,5.63,32.99
2020,62.59,5.5,31.46
2020,60.74,5.23,26.99
2020,61.43,5.4,30.13
2020,61.18,5.74,31.8
2020,55.51,5.39,29.47
2020,60.18,6.29,34.25
2020,62.74,6.52,37.13
2020,62.85,6.53,37.33
2020,62.16,6.55,35.05
2020,62.08,6.63,34.44
2020,63.77,6.86,36.2
2020,60.43,6.51,34.26
2020,59.56,6.38,32.95
2020,59.69,6.37,34.37
2020,63.92,6.72,34.73
2020,66.01,6.93,37.67
2020,64.96,6.67,37.15
2020,65.61,6.8,38.35
2020,66.49,6.73,43.47
2020,70.03,7.11,49.46
2020,69.56,7.08,50.21
2020,70.02,7.45,50.63
2020,69.71,7.44,51.66
2020,68.43,7.31,51.04
2020,67.36,7.09,50.22
2020,67.51,7.17,48.93
2020,68.45,7.3,48.93
2020,68.76,7.22,48.72
2020,69.13,7.56,53.3
2020,69.44,7.58,53.67
2020,70.37,7.49,53.55
2020,71.55,7.43,57.99
2020,72.64,7.2,51.52
2020,71.35,7.27,50.8
2020,73.13,7.48,53.26
2020,73.67,7.52,52.65
2020,74.14,7.66,53.09
2020,75.6,7.79,54.93
2020,77.23,8.08,54.93
2020,77.88,8.14,56.22
2020,76.97,8.05,55.07
2020,75.47,8.01,53.56
2020,75.01,8.47,53.67
2020,77.1,8.88,55.65
2020,77.59,9.05,54.8
2020,77.84,9.01,55.07
2020,78.17,9.02,55.5
2020,77.77,9.06,55.45
2020,78.99,9.15,55.64
2020,77.64,8.6,55.18
2020,78.79,8.73,54.98
2020,78.23,8.84,55.67
2020,78.53,8.81,59.93
2020,78.79,8.81,60.58
2020,79.46,8.83,59.86
2020,79.32,8.92,59.72
2020,80.82,8.97,59.1
2020,81.27,8.86,63.33
2020,84.19,9.08,63.63
2020,86.42,9.47,68.5
2020,85.52,9.23,67.93
2020,84.73,9.16,65.87
2020,84.21,9.15,66.59
2020,86.04,9.24,67.53
2020,86.58,9.27,67.0
2020,86.1,9.25,67.95
2020,86.86,9.42,67.73
2020,87.57,9.5,67.26
2020,90.71,9.61,67.47
2020,89.84,9.53,66.73
2020,88.92,9.48,65.73
2020,88.99,9.47,66.33
2020,88.23,9.18,67.33
2020,89.15,9.5,72.51
2020,89.49,9.55,75.69
2020,90.25,9.71,81.87
2020,91.54,9.88,91.85
2020,92.23,10.04,95.3
2020,92.93,10.19,94.48
2020,93.85,10.54,93.9
2020,93.52,10.62,103.26
2020,97.4,10.76,119.67
2020,94.77,10.37,106.0
2020,96.71,10.4,103.33
2020,94.91,10.17,102.11
2020,94.66,10.22,102.5
2020,95.98,10.5,110.0
2020,96.71,10.53,111.67
2020,95.47,10.57,108.43
2020,94.59,10.51,112.6
2020,90.59,10.33,97.67
2020,92.48,10.41,103.2
2020,92.13,10.35,104.31
2020,92.79,10.48,102.32
2020,93.83,10.59,100.88
2020,103.69,10.73,101.14
2020,108.78,11.06,100.65
2020,107.96,11.19,101.83
2020,107.57,11.34,99.99
2020,111.49,11.32,101.15
2020,110.97,11.47,99.98
2020,111.06,11.37,97.17
2020,109.8,11.1,94.67
2020,110.58,11.43,105.67
2020,113.28,11.69,110.08
2020,112.26,11.67,111.25
2020,113.32,12.37,123.06
2020,113.24,12.46,128.26
2020,114.37,12.28,127.4
2020,115.57,12.34,134.8
2020,121.89,12.77,139.7
2020,125.72,12.87,141.93
2020,122.2,12.72,135.2
2020,123.97,12.83,144.4
2020,124.45,12.81,153.04
2020,123.43,13.11,154.57
2020,127.88,13.53,166.71
2020,131.59,13.95,167.5
2020,134.69,14.69,159.68
2020,125.77,13.85,143.93
2020,120.75,13.14,142.67
2020,116.15,12.51,122.91
2020,116.3,12.77,123.0
2020,117.63,13.03,133.0
2020,112.48,12.62,127.5
2020,113.17,13.28,140.0
2020,116.0,13.26,153.98
2020,113.24,13.06,152.6
2020,109.53,12.55,145.93
2020,108.24,12.6,150.33
2020,107.56,12.49,151.89
2020,110.17,12.61,145.92
2020,109.44,12.69,137.38
2020,107.62,12.53,133.17
2020,109.76,12.85,136.24
2020,112.57,13.01,142.69
2020,112.56,13.4,142.83
2020,114.47,13.58,144.64
2020,114.91,13.72,149.63
2020,112.62,13.48,146.38
2020,113.87,13.61,144.55
2020,113.35,14.1,142.93
2020,112.8,14.08,143.3
2020,113.63,14.04,146.33
2020,114.21,13.79,144.86
2020,122.2,14.31,149.58
2020,122.4,14.31,149.63
2020,120.1,14.3,155.3
2020,118.31,13.97,152.19
2020,118.65,14.08,151.98
2020,117.55,13.94,149.0
2020,116.14,13.76,143.92
2020,115.88,13.75,144.32
2020,115.23,13.57,148.41
2020,113.77,13.55,140.96
2020,113.77,13.65,141.92
2020,114.49,13.4,143.5
2020,112.68,13.22,139.53
2020,114.14,13.16,139.35
2020,109.32,12.9,135.86
2020,108.04,12.8,135.66
2020,108.83,13.07,142.59
2020,112.84,13.79,145.13
2020,116.77,14.3,146.67
2020,116.56,14.55,145.52
2020,119.29,14.65,150.83
2020,114.99,13.57,140.03
2020,116.98,13.4,139.57
2020,117.86,13.73,141.0
2020,117.02,13.63,137.51
2020,118.31,13.61,137.48
2020,118.0,13.56,154.0
2020,117.17,13.57,165.33
2020,116.42,13.45,169.54
2020,116.14,13.46,167.5
2020,115.02,13.34,175.33
2020,113.28,13.12,186.66
2020,114.16,13.23,191.33
2020,114.89,13.37,199.59
2020,118.29,13.37,202.6
2020,120.74,13.49,199.28
2020,120.64,13.63,190.51
2020,121.04,13.63,199.66
2020,120.14,13.53,199.68
2020,121.81,13.7,216.26
2020,122.21,13.56,217.09
2020,123.16,13.38,218.11
2020,121.13,13.04,209.25
2020,120.04,12.99,208.0
2020,120.62,13.35,214.25
2020,125.07,13.43,215.63
2020,125.53,13.4,210.83
2020,126.71,13.35,219.61
2020,126.24,13.37,231.67
2020,125.47,13.34,222.83
2020,131.43,13.3,216.63
2020,129.5,13.24,217.17
2020,130.5,13.1,222.03
2020,134.3,13.03,227.13
2020,135.72,13.04,223.3
2020,132.98,13.18,232.2
2020,131.76,13.12,239.57
2021,130.65,13.62,248.16
2021,128.82,13.41,246.95
2021,128.15,13.21,258.0
2021,128.72,13.34,272.33
2021,129.69,13.39,294.83
2021,127.29,13.93,284.81
2021,126.82,13.72,289.33
2021,128.54,13.59,286.82
2021,128.1,13.57,287.67
2021,127.34,13.29,286.63
2021,125.86,13.06,283.33
2021,129.56,13.4,286.5
2021,136.58,13.96,285.24
2021,136.75,13.81,282.67
2021,141.88,13.79,300.13
2021,141.1,13.61,298.63
2021,141.1,13.2,297.17
2021,138.85,13.31,282.67
2021,133.71,13.3,280.8
2021,132.38,13.24,280.67
2021,133.29,13.54,293.5
2021,132.76,13.9,292.69
2021,134.36,13.64,285.5
2021,134.58,13.7,288.26
2021,134.13,14.44,292.59
2021,135.03,14.55,286.6
2021,134.16,14.87,281.61
2021,133.57,15.23,276.63
2021,132.73,15.25,272.44
2021,133.2,15.33,273.67
2021,129.49,15.18,266.61
2021,127.31,14.84,264.9
2021,128.01,15.14,265.6
2021,127.04,15.09,256.17
2021,124.09,14.2,237.87
2021,122.96,14.47,248.33
2021,123.84,14.34,245.74
2021,122.27,13.82,235.57
2021,125.28,13.89,239.67
2021,126.06,13.89,240.37
2021,123.11,13.42,233.57
2021,121.04,12.94,222.82
2021,119.42,12.52,209.28
2021,118.5,12.44,206.71
2021,119.54,12.59,226.03
2021,119.64,12.95,239.28
2021,120.66,13.02,234.17
2021,118.66,12.86,231.63
2021,121.44,13.18,237.73
2021,124.59,13.48,235.97
2021,123.26,13.42,234.58
2021,120.63,13.16,229.74
2021,118.92,12.89,219.08
2021,121.31,13.37,233.21
2021,121.67,13.32,225.93
2021,120.36,13.13,222.67
2021,119.14,12.69,215.17
2021,118.97,12.83,214.61
2021,120.04,13.03,205.49
2021,117.91,12.95,212.55
2021,120.97,13.44,224.0
2021,121.61,13.84,230.81
2021,123.55,13.98,236.05
2021,124.5,14.02,232.18
2021,125.27,14.21,230.46
2021,127.69,14.44,229.85
2021,130.29,14.38,226.99
2021,130.1,15.32,234.93
2021,131.87,15.67,254.33
2021,132.21,15.69,260.26
2021,132.21,16.18,247.9
2021,131.88,16.13,249.8
2021,132.67,15.77,241.8
2021,132.73,15.46,245.75
2021,130.98,15.33,248.28
2021,131.38,15.4,251.26
2021,132.33,15.3,245.79
2021,132.27,15.45,249.77
2021,132.61,15.64,241.33
2021,132.23,15.5,236.17
2021,134.23,15.4,234.08
2021,130.8,15.33,238.49
2021,131.3,15.21,235.33
2021,128.77,14.61,227.82
2021,127.75,14.78,228.43
2021,127.07,14.54,227.01
2021,128.76,14.94,230.0
2021,127.08,14.77,221.68
2021,123.87,14.32,209.03
2021,122.27,14.23,206.8
2021,123.75,14.05,202.15
2021,125.46,14.3,197.62
2021,124.52,14.14,196.58
2021,124.57,14.37,198.75
2021,122.54,14.05,188.74
2021,125.29,14.65,196.28
2021,125.57,15.19,198.89
2021,125.51,15.71,204.83
2021,125.88,15.78,204.66
2021,124.97,15.76,208.72
2021,125.21,15.72,210.38
2021,123.41,16.24,211.86
2021,122.97,16.35,211.27
2021,122.86,16.88,207.79
2021,122.48,17.22,201.52
2021,123.76,17.62,200.2
2021,123.92,17.77,203.33
2021,126.02,17.58,207.7
2021,125.32,17.54,203.93
2021,125.75,17.46,205.53
2021,125.02,17.9,204.19
2021,128.06,18.0,208.5
2021,128.12,17.98,205.6
2021,128.4,17.92,202.83
2021,130.03,18.8,207.16
2021,129.01,19.34,209.45
2021,129.89,18.5,210.46
2021,131.53,18.93,209.52
2021,131.77,19.12,219.07
2021,132.08,19.38,232.54
2021,131.34,19.31,231.27
2021,132.68,20.04,231.57
2021,133.89,20.06,229.17
2021,134.8,20.12,230.94
2021,134.72,20.42,229.33
2021,137.34,20.47,233.33
2021,140.43,20.8,228.0
2021,142.13,20.83,221.9
2021,141.32,20.09,218.14
2021,142.88,20.04,219.64
2021,143.54,20.49,229.08
2021,144.66,20.42,231.09
2021,146.73,20.38,226.2
2021,147.15,19.81,222.05
2021,146.91,19.12,218.9
2021,141.33,19.0,215.73
2021,144.3,18.8,220.8
2021,143.35,19.49,221.62
2021,145.38,19.85,220.72
2021,145.89,19.66,216.27
2021,146.98,19.4,222.73
2021,146.37,19.58,222.17
2021,144.17,19.61,218.32
2021,143.76,19.81,227.9
2021,143.55,19.59,232.51
2021,144.15,19.92,242.31
2021,145.22,20.18,240.88
2021,144.98,20.28,241.63
2021,145.03,20.69,240.32
2021,144.53,20.53,238.78
2021,144.13,20.47,239.68
2021,145.12,20.39,238.86
2021,144.14,20.01,238.39
2021,146.43,19.99,240.93
2021,146.82,20.17,243.3
2021,148.54,20.25,236.5
2021,149.02,19.73,224.86
2021,148.07,19.6,231.92
2021,145.4,20.45,228.85
2021,145.89,20.82,230.71
2021,147.55,21.95,237.38
2021,148.21,21.92,238.41
2021,147.68,22.43,238.99
2021,146.5,22.3,238.47
2021,146.14,22.68,238.33
2021,150.8,23.0,243.67
2021,150.12,22.65,246.8
2021,152.26,22.66,247.33
2021,152.0,22.55,246.99
2021,151.92,22.95,244.67
2021,154.5,22.86,253.4
2021,154.28,22.57,254.82
2021,153.37,22.5,254.03
2021,152.75,22.59,254.2
2021,148.76,22.92,248.26
2021,148.42,22.37,251.49
2021,146.82,22.33,252.29
2021,146.36,22.24,252.97
2021,146.21,22.28,253.68
2021,142.3,21.39,247.33
2021,142.06,21.39,248.25
2021,143.86,21.92,251.22
2021,144.5,22.49,252.73
2021,144.88,22.11,258.27
2021,143.4,21.76,266.33
2021,142.21,21.38,265.21
2021,141.91,20.98,264.5
2021,141.85,21.03,263.04
2021,140.41,20.82,260.26
2021,139.71,20.51,268.99
2021,139.74,20.61,265.77
2021,139.66,20.68,262.22
2021,141.69,21.28,268.33
2021,141.65,21.17,265.46
2021,142.27,21.03,267.08
2021,140.74,21.02,270.77
2021,138.92,20.95,271.8
2021,141.35,21.72,273.42
2021,142.36,21.89,281.07
2021,144.26,22.25,291.75
2021,146.55,22.34,292.65
2021,147.12,22.39,289.83
2021,147.01,22.67,300.0
2021,147.54,23.09,303.33
2021,146.75,23.31,348.34
2021,148.19,25.21,364.98
2021,147.1,25.05,356.96
2021,150.48,24.91,360.33
2021,147.31,25.66,371.74
2021,147.07,25.85,403.25
2021,148.91,26.63,402.86
2021,149.3,26.74,405.13
2021,149.75,31.31,414.5
2021,149.75,31.34,413.29
2021,149.13,31.04,399.0
2021,148.99,32.25,391.5
2021,147.71,30.8,359.37
2021,147.02,30.54,368.32
2021,147.98,30.63,351.5
2021,149.43,30.59,343.99
2021,149.05,30.34,352.4
2021,152.5,30.45,373.21
2021,156.11,32.7,370.67
2021,158.42,33.03,379.57
2021,163.03,34.59,400.65
2021,159.19,32.3,393.5
2021,159.53,32.8,377.59
2021,157.86,32.65,369.59
2021,158.59,33.35,380.89
2021,162.85,33.29,389.33
2021,167.56,33.23,390.95
2021,161.55,32.42,371.0
2021,162.3,32.08,363.53
2021,165.17,30.19,340.55
2021,168.81,32.4,352.56
2021,173.12,32.24,357.46
2021,173.9,32.15,354.16
2021,176.73,31.25,340.33
2021,179.19,30.24,335.0
2021,174.88,28.63,322.14
2021,176.61,30.45,326.25
2021,178.22,31.11,331.66
2021,170.67,28.87,320.22
2021,167.83,28.1,307.23
2021,170.41,29.07,313.17
2021,173.03,29.51,338.55
2021,174.0,30.01,357.66
2021,177.51,31.04,372.33
2021,178.41,31.28,373.0
2021,177.72,30.5,368.0
2021,177.66,30.41,365.18
2021,176.34,29.98,360.67
2022,179.93,30.66,400.36
2022,179.99,30.42,402.67
2022,177.27,29.37,390.11
2022,172.47,28.39,362.67
2022,171.33,28.37,360.31
2022,169.72,27.42,353.03
2022,172.36,28.02,358.62
2022,174.32,28.55,371.61
2022,173.77,28.43,371.87
2022,170.98,27.15,350.67
2022,169.76,26.59,356.93
2022,168.32,26.5,351.56
2022,166.95,25.54,347.22
2022,163.65,24.78,334.85
2022,159.68,23.34,311.17
2022,160.14,22.9,317.09
2022,161.74,24.02,329.23
2022,161.2,23.96,311.8
2022,167.6,22.82,285.83
2022,172.18,24.47,312.66
2022,172.02,25.1,314.57
2022,173.05,25.77,310.5
2022,173.4,25.04,312.33
2022,171.51,24.59,312.17
2022,171.36,25.14,315.92
2022,172.74,25.19,308.76
2022,174.02,26.68,315.42
2022,172.87,26.88,314.6
2022,170.51,26.11,305.32
2022,167.06,24.83,299.63
2022,170.38,26.5,307.67
2022,170.76,26.54,308.81
2022,169.35,25.74,306.17
2022,168.01,24.94,295.62
2022,164.21,24.02,285.58
2022,163.68,24.11,278.43
2022,160.43,23.76,267.49
2022,162.67,24.18,273.17
2022,162.96,24.62,292.29
2022,164.12,24.34,296.63
2022,164.87,24.37,295.49
2022,166.4,24.29,295.48
2022,163.09,23.64,285.22
2022,162.57,23.0,288.71
2022,160.46,22.34,283.33
2022,160.98,23.19,286.85
2022,158.01,22.75,284.82
2022,156.91,23.11,281.27
2022,151.83,22.23,266.9
2022,153.26,23.0,268.52
2022,157.62,24.56,280.67
2022,158.61,24.8,291.67
2022,162.04,26.53,302.62
2022,163.88,27.11,314.28
2022,166.9,27.2,332.62
2022,170.07,26.57,346.9
2022,171.55,28.28,341.5
2022,172.67,28.32,340.6
2022,173.12,28.21,365.96
2022,176.35,28.9,371.59
2022,176.94,28.45,371.32
2022,175.38,28.21,367.71
2022,172.28,27.46,364.92
2022,175.84,27.52,383.3
2022,175.65,27.28,384.29
2022,171.05,25.26,359.67
2022,170.78,24.69,358.86
2022,169.23,23.89,349.48
2022,166.52,22.29,336.16
2022,167.35,22.69,340.4
2022,168.5,22.47,342.08
2022,168.72,22.74,337.57
2022,164.12,22.06,338.31
2022,165.33,22.34,344.98
2022,166.37,22.64,344.67
2022,168.98,22.36,364.07
2022,165.37,20.46,344.95
2022,160.74,19.92,336.21
2022,159.93,19.76,333.33
2022,157.41,19.14,306.0
2022,162.07,20.01,300.0
2022,163.73,20.1,311.47
2022,155.88,19.54,302.12
2022,158.32,19.8,308.03
2022,164.01,20.37,318.5
2022,161.64,19.9,315.2
2022,157.3,19.48,296.0
2022,153.74,18.23,281.88
2022,154.64,18.17,275.12
2022,153.36,17.73,269.92
2022,144.24,16.76,253.22
2022,146.11,17.9,262.45
2022,145.54,17.76,256.59
2022,147.76,18.34,254.83
2022,145.38,18.09,253.5
2022,139.76,17.66,244.67
2022,138.81,17.38,240.53
2022,141.34,16.89,226.65
2022,140.07,16.57,217.97
2022,139.89,17.09,223.11
2022,142.4,18.07,239.56
2022,147.67,18.85,253.27
2022,148.64,19.17,259.6
2022,149.7,19.02,257.33
2022,149.24,19.59,264.21
2022,145.98,19.3,247.8
2022,146.58,19.31,244.87
2022,147.0,18.97,240.0
2022,147.86,19.16,249.96
2022,145.97,18.91,255.55
2022,138.87,17.67,239.5
2022,133.39,16.29,226.63
2022,132.09,16.05,226.33
2022,135.5,16.85,235.66
2022,130.61,15.92,225.17
2022,131.29,15.97,220.97
2022,135.22,16.99,243.58
2022,135.91,16.64,246.83
2022,136.73,16.56,239.32
2022,140.01,17.12,246.07
2022,141.56,17.31,252.07
2022,141.5,17.18,249.97
2022,138.78,15.8,231.17
2022,136.51,15.55,229.46
2022,137.17,15.04,230.23
2022,139.71,14.95,233.15
2022,142.19,15.3,234.56
2022,144.58,15.92,245.36
2022,145.57,16.02,254.98
2022,144.67,15.51,253.06
2022,146.46,15.41,239.77
2022,144.49,15.36,242.06
2022,146.95,15.45,238.65
2022,148.84,15.76,243.62
2022,149.54,16.88,250.52
2022,149.2,17.09,247.14
2022,151.66,17.91,250.66
2022,153.48,18.12,273.27
2022,154.18,17.94,280.79
2022,152.96,17.1,274.15
2022,151.04,16.9,267.31
2022,155.22,17.91,275.93
2022,155.53,18.12,283.3
2022,161.43,18.22,298.32
2022,161.4,18.82,311.88
2022,160.23,18.91,307.83
2022,164.36,18.94,309.55
2022,164.95,19.25,313.61
2022,163.85,19.2,304.61
2022,165.79,18.22,305.2
2022,163.82,17.42,292.4
2022,167.3,18.09,297.51
2022,168.93,18.68,298.24
2022,170.1,18.69,300.16
2022,171.3,19.14,313.13
2022,171.62,19.12,314.67
2022,174.03,18.66,309.66
2022,172.79,18.84,306.5
2022,171.65,18.5,300.36
2022,167.81,17.54,292.4
2022,166.68,17.44,298.83
2022,166.09,17.38,303.65
2022,168.09,17.92,302.96
2022,168.99,17.9,302.0
2022,160.94,16.32,287.74
2022,160.6,16.02,288.48
2022,158.65,15.52,281.25
2022,156.51,14.36,277.58
2022,158.43,14.15,282.35
2022,155.2,13.76,275.99
2022,154.78,13.82,283.84
2022,154.48,13.99,289.5
2022,155.92,14.46,299.85
2022,162.28,14.53,305.49
2022,158.61,13.91,297.4
2022,155.21,13.28,306.0
2022,153.37,13.22,309.12
2022,149.53,13.2,303.71
2022,152.7,13.45,309.84
2022,156.18,13.47,313.33
2022,156.83,14.02,313.8
2022,152.61,13.14,301.29
2022,149.65,12.6,284.5
2022,151.92,12.65,284.09
2022,152.86,12.72,288.67
2022,148.83,12.81,289.0
2022,144.95,12.49,283.65
2022,141.38,12.62,275.57
2022,141.35,12.67,255.16
2022,144.46,13.21,257.5
2022,145.6,13.31,246.67
2022,145.76,13.64,244.58
2022,141.38,12.66,234.57
2022,140.18,12.11,226.99
2022,139.65,11.83,225.75
2022,138.67,11.72,219.3
2022,141.86,12.07,222.99
2022,142.78,12.1,226.26
2022,141.18,11.94,221.86
2022,144.93,12.48,229.82
2022,143.2,12.34,222.93
2022,144.13,12.76,215.55
2022,146.07,12.49,214.66
2022,148.42,12.7,213.5
2022,150.65,13.29,224.35
2022,150.16,13.37,230.6
2022,147.25,13.82,233.81
2022,155.6,13.84,228.86
2022,152.38,13.82,229.85
2022,153.58,13.91,237.4
2022,150.34,14.2,227.87
2022,141.08,13.77,221.2
2022,141.19,14.22,223.8
2022,137.7,14.4,208.9
2022,139.96,14.88,195.2
2022,137.11,14.2,195.89
2022,145.34,15.76,191.0
2022,148.45,16.37,196.52
2022,148.72,16.52,195.73
2022,151.99,16.98,200.82
2022,148.31,16.35,192.57
2022,149.9,16.25,186.16
2022,151.11,15.99,185.19
2022,148.81,15.46,176.77
2022,148.85,16.04,170.92
2022,150.25,16.51,183.62
2022,147.33,16.47,185.2
2022,145.11,16.34,188.5
2022,143.3,15.92,186.38
2022,147.17,16.92,194.76
2022,147.58,17.25,198.92
2022,146.46,16.92,196.25
2022,149.35,16.98,191.27
2022,145.77,16.56,183.65
2022,141.88,16.17,179.38
2022,142.03,17.17,175.2
2022,144.06,17.57,182.5
2022,143.0,17.53,177.37
2022,148.41,18.78,175.05
2022,145.13,18.24,161.62
2022,140.32,17.31,160.93
2022,136.22,17.03,160.99
2022,133.79,16.6,155.25
2022,131.86,16.3,148.47
2022,135.39,16.61,141.26
2022,133.16,16.13,136.63
2022,131.04,15.33,128.62
2022,130.04,15.09,119.67
2022,129.67,14.25,116.27
2022,129.12,14.67,123.57
2022,128.6,14.62,124.48
2023,129.54,14.99,118.8
2023,127.32,14.84,114.59
2023,126.44,14.55,111.75
2023,128.93,15.0,114.39
2023,132.02,16.04,123.52
2023,129.89,15.95,122.76
2023,132.12,16.02,125.95
2023,132.86,16.62,124.13
2023,133.52,16.91,122.63
2023,135.86,17.72,131.7
2023,137.17,17.86,136.68
2023,134.83,17.18,129.99
2023,136.58,17.84,133.51
2023,141.83,19.23,145.38
2023,141.67,19.48,146.5
2023,140.95,19.36,146.41
2023,142.75,20.15,161.42
2023,145.7,20.61,180.68
2023,144.04,20.13,179.77
2023,142.84,19.67,174.3
2023,145.08,21.18,183.81
2023,149.61,21.93,196.75
2023,155.74,21.73,199.0
2023,151.51,21.55,198.17
2023,153.61,22.24,197.5
2023,152.97,22.86,203.0
2023,152.72,23.0,214.0
2023,149.99,22.06,206.2
2023,152.89,22.03,196.3
2023,152.4,23.03,209.82
2023,154.12,22.84,214.66
2023,154.94,22.53,217.65
2023,151.64,21.72,208.44
2023,149.95,21.48,209.71
2023,148.62,21.09,201.99
2023,149.0,23.87,205.14
2023,145.88,23.46,197.67
2023,147.84,23.86,209.42
2023,147.75,23.81,211.23
2023,145.92,23.24,207.2
2023,145.4,23.36,193.75
2023,149.77,23.88,200.48
2023,154.91,24.23,198.6
2023,152.66,24.11,194.2
2023,152.1,24.19,186.5
2023,153.17,24.44,185.18
2023,149.6,23.61,178.29
2023,151.78,23.29,177.35
2023,152.04,24.21,183.8
2023,151.89,24.27,182.34
2023,155.07,25.57,185.81
2023,155.35,26.38,186.22
2023,156.42,26.01,186.44
2023,157.98,26.38,198.0
2023,160.7,27.57,200.66
2023,160.11,27.48,199.31
2023,158.91,27.15,192.36
2023,159.34,26.98,197.39
2023,157.08,26.5,192.35
2023,159.62,27.06,195.29
2023,161.02,27.48,197.33
2023,163.53,27.82,207.79
2023,164.81,27.98,202.69
2023,165.36,27.98,198.74
2023,163.58,26.98,190.68
2023,163.49,27.06,186.39
2023,160.59,27.61,185.1
2023,160.92,27.77,189.19
2023,160.62,27.45,191.58
2023,164.33,26.87,186.5
2023,164.84,26.87,186.28
2023,163.92,26.99,189.69
2023,165.92,28.09,187.69
2023,166.66,27.98,183.5
2023,166.38,28.01,169.7
2023,164.97,27.17,166.0
2023,164.13,27.35,165.65
2023,164.83,27.23,163.47
2023,163.81,27.31,160.67
2023,167.06,27.48,160.48
2023,168.34,27.74,165.0
2023,168.93,29.04,163.28
2023,168.83,28.82,165.49
2023,169.4,28.35,165.0
2023,165.55,27.84,162.95
2023,172.75,28.74,170.79
2023,172.3,29.2,173.8
2023,172.0,28.96,169.82
2023,172.48,29.1,174.43
2023,173.04,28.93,173.57
2023,172.75,28.76,177.38
2023,171.91,28.95,169.76
2023,171.84,29.85,169.52
2023,171.63,30.18,174.5
2023,173.92,31.81,177.06
2023,175.06,31.56,181.95
2023,173.4,31.5,189.32
2023,172.08,31.27,192.96
2023,171.12,30.59,184.22
2023,172.59,39.46,186.78
2023,174.45,39.15,198.6
2023,177.64,41.91,204.48
2023,178.0,40.27,203.95
2023,178.76,40.03,209.8
2023,180.41,40.48,217.25
2023,183.56,39.54,221.29
2023,178.76,39.14,221.91
2023,179.85,39.48,230.83
2023,179.48,38.85,235.23
2023,180.86,39.69,252.42
2023,182.51,39.51,250.97
2023,182.76,41.08,259.68
2023,183.0,42.98,261.57
2023,185.12,43.27,258.95
2023,185.58,43.7,263.6
2023,184.7,43.97,274.75
2023,184.01,43.6,276.99
2023,185.64,43.41,265.0
2023,186.15,42.79,262.45
2023,186.63,42.74,258.37
2023,186.97,41.92,250.39
2023,188.47,41.83,259.88
2023,188.64,41.58,260.74
2023,193.02,42.53,264.45
2023,192.42,42.88,284.25
2023,191.53,43.16,283.85
2023,190.58,42.16,279.97
2023,191.22,43.19,280.78
2023,188.56,42.79,277.52
2023,187.88,42.74,270.9
2023,190.26,43.92,276.52
2023,189.75,46.13,279.45
2023,189.74,48.07,285.3
2023,192.86,46.47,292.23
2023,192.87,47.87,295.26
2023,196.74,47.8,299.29
2023,194.99,47.07,280.93
2023,193.5,45.85,268.0
2023,193.44,45.09,269.85
2023,192.98,46.16,272.9
2023,194.17,46.03,268.04
2023,195.72,47.37,269.13
2023,195.15,47.01,267.25
2023,195.01,47.11,269.08
2023,195.25,46.88,266.47
2023,193.71,45.82,259.52
2023,190.92,45.1,260.49
2023,185.97,45.62,264.77
2023,181.75,45.52,253.65
2023,178.91,45.22,250.92
2023,179.57,44.29,251.1
2023,179.39,43.55,251.8
2023,177.52,42.0,243.79
2023,178.58,43.78,240.66
2023,178.37,45.25,240.5
2023,177.44,44.65,233.97
2023,176.41,44.04,226.74
2023,174.02,43.56,217.58
2023,175.04,47.04,232.13
2023,176.58,48.17,240.82
2023,180.43,47.18,238.98
2023,179.98,50.24,238.92
2023,178.04,47.78,239.0
2023,179.47,46.96,244.38
2023,183.76,49.06,257.48
2023,186.69,49.9,260.51
2023,187.95,49.72,261.18
2023,188.75,49.78,259.08
2023,188.81,48.83,258.0
2023,187.68,48.53,255.39
2023,177.11,46.33,252.81
2023,179.13,46.59,256.52
2023,179.18,46.15,274.85
2023,179.02,45.66,278.39
2023,176.2,45.91,274.98
2023,175.01,45.97,276.71
2023,175.41,45.58,278.98
2023,178.27,44.23,271.44
2023,178.52,43.95,267.85
2023,178.59,43.89,273.93
2023,175.21,42.08,260.86
2023,175.98,42.1,257.79
2023,175.88,42.52,247.1
2023,174.12,42.8,249.55
2023,171.97,42.86,245.33
2023,170.97,43.43,247.55
2023,172.0,44.13,254.77
2023,173.22,45.16,254.28
2023,172.56,45.11,250.02
2023,173.13,44.13,261.86
2023,174.36,44.88,263.6
2023,176.89,45.77,261.65
2023,177.94,45.59,261.36
2023,178.61,46.24,268.94
2023,178.74,46.84,268.6
2023,181.21,47.59,265.41
2023,180.8,47.1,259.6
2023,177.97,46.21,255.4
2023,177.32,44.74,257.18
2023,176.48,43.2,254.63
2023,176.74,43.28,230.61
2023,174.34,42.45,218.86
2023,172.93,43.23,216.98
2023,172.6,43.68,222.05
2023,171.99,43.63,220.1
2023,170.32,42.24,214.8
2023,167.92,41.19,212.41
2023,170.11,41.75,210.88
2023,169.84,40.86,202.8
2023,173.15,42.37,205.99
2023,176.68,43.87,219.2
2023,175.73,45.29,226.37
2023,178.32,45.92,226.32
2023,181.31,46.2,223.12
2023,182.32,46.85,224.15
2023,182.98,48.21,220.8
2023,185.66,48.45,215.38
2023,185.12,49.1,225.4
2023,187.19,49.82,238.14
2023,188.58,49.94,246.7
2023,190.03,49.51,240.88
2023,189.45,49.7,237.39
2023,190.97,50.53,237.1
2023,190.59,50.5,243.62
2023,191.99,50.32,244.01
2023,189.97,48.9,238.75
2023,189.74,48.51,238.33
2023,190.15,48.31,247.0
2023,191.15,48.74,252.75
2023,189.39,48.09,245.22
2023,190.63,47.18,240.19
2023,189.12,46.06,239.37
2023,193.45,46.59,246.66
2023,193.81,47.37,246.57
2023,194.05,46.62,244.08
2023,195.03,47.73,245.27
2023,192.55,47.52,243.44
2023,193.77,47.65,238.99
2023,197.03,48.58,240.3
2023,198.65,48.66,253.88
2023,197.43,49.39,254.13
2023,195.67,50.42,258.74
2023,195.99,49.69,258.34
2023,196.72,49.98,259.84
2023,196.12,49.08,254.8
2023,194.46,49.37,258.22
2023,192.94,49.59,257.97
2023,192.56,49.67,263.34
2023,193.71,49.87,265.13
2023,193.45,49.98,255.19
2024,187.52,49.28,251.25
2024,184.97,48.17,245.68
2024,182.2,48.49,242.7
2024,181.87,49.53,240.12
2024,184.7,52.26,241.25
2024,184.25,54.31,238.96
2024,185.49,54.58,235.5
2024,186.14,55.33,230.93
2024,185.83,54.95,225.34
2024,183.36,56.82,223.49
2024,182.04,56.45,215.67
2024,188.22,57.58,217.45
2024,191.01,59.48,213.19
2024,194.38,60.31,217.8
2024,194.8,59.89,215.65
2024,195.42,62.83,212.73
2024,195.31,62.7,193.0
2024,193.81,61.77,186.78
2024,191.26,62.47,191.48
2024,190.86,63.48,196.36
2024,186.19,62.25,193.97
2024,186.04,63.17,189.88
2024,186.42,66.58,188.69
2024,188.33,69.48,184.68
2024,188.39,69.73,186.49
2024,190.12,70.2,189.79
2024,188.62,70.77,191.62
2024,189.31,72.16,194.12
2024,187.99,74.59,194.73
2024,185.54,73.43,187.26
2024,184.86,74.21,188.89
2024,183.82,73.95,200.88
2024,184.18,74.38,203.17
2024,181.77,71.94,198.6
2024,182.23,68.87,199.44
2024,184.29,78.55,198.32
2024,184.37,82.37,197.57
2024,182.1,80.62,201.78
2024,183.26,79.46,205.6
2024,182.46,78.91,205.3
2024,181.91,79.97,205.28
2024,179.88,82.28,204.52
2024,176.26,87.67,199.75
2024,171.42,86.08,184.59
2024,170.62,89.7,181.58
2024,170.11,92.75,180.04
2024,173.07,97.38,182.73
2024,173.75,88.78,182.87
2024,173.4,91.94,179.43
2024,172.57,91.48,176.05
2024,173.68,90.62,171.17
2024,172.0,89.52,165.18
2024,177.07,92.38,174.72
2024,175.97,90.52,172.82
2024,178.03,90.39,176.25
2024,176.85,92.63,178.18
2024,172.43,94.76,171.2
2024,171.32,96.74,175.24
2024,170.8,96.35,184.25
2024,172.97,93.22,181.91
2024,171.61,91.28,179.57
2024,170.63,92.2,176.75
2024,168.73,90.07,167.69
2024,170.06,90.35,168.82
2024,171.3,90.61,177.19
2024,169.78,88.46,170.86
2024,168.59,88.81,174.5
2024,169.47,87.61,179.22
2024,168.48,87.38,174.93
2024,174.83,90.72,175.88
2024,177.72,90.15,173.81
2024,175.99,90.59,170.69
2024,173.13,88.1,158.19
2024,170.03,88.75,158.33
2024,168.03,86.17,152.2
2024,165.8,84.3,150.94
2024,166.66,80.05,144.44
2024,166.45,82.75,147.26
2024,168.69,84.06,167.97
2024,169.99,83.3,170.88
2024,170.72,88.31,172.12
2024,175.4,87.97,198.87
2024,174.36,88.8,190.95
2024,172.09,85.98,185.86
2024,172.79,86.22,184.6
2024,186.33,89.26,184.78
2024,183.54,92.2,187.56
2024,184.23,91.76,183.26
2024,182.41,91.17,176.06
2024,183.99,91.05,175.62
2024,184.67,91.38,173.06
2024,186.68,90.98,175.4
2024,187.88,91.63,179.49
2024,190.22,94.84,180.0
2024,190.67,95.8,175.79
2024,190.38,94.72,179.63
2024,191.49,95.18,177.75
2024,192.3,95.38,186.88
2024,192.39,96.0,183.8
2024,190.57,106.29,181.9
2024,190.15,106.45,180.08
2024,192.57,114.91,178.25
2024,191.82,115.46,178.15
2024,191.75,115.79,182.67
2024,192.14,112.69,180.32
2024,194.55,114.97,182.64
2024,194.88,116.57,177.76
2024,196.46,122.42,176.15
2024,196.06,125.56,179.73
2024,196.5,121.66,179.35
2024,196.86,123.07,178.57
2024,206.69,122.85,174.75
2024,219.7,126.86,180.55
2024,216.26,129.78,191.08
2024,214.69,132.82,186.0
2024,218.46,133.71,188.81
2024,218.14,136.31,187.2
2024,213.76,140.74,185.21
2024,211.41,130.61,183.95
2024,212.22,124.44,188.8
2024,210.9,126.48,187.97
2024,214.38,128.1,197.76
2024,215.25,126.39,198.72
2024,215.58,127.69,203.2
2024,217.02,124.82,213.23
2024,219.88,123.39,231.3
2024,221.05,128.26,248.35
2024,225.94,128.83,252.37
2024,227.34,130.75,259.44
2024,228.88,133.8,265.61
2024,232.55,135.08,267.59
2024,231.87,136.13,271.0
2024,232.12,131.9,251.84
2024,236.7,131.37,265.6
2024,235.74,129.02,258.62
2024,230.94,121.83,258.47
2024,229.92,122.38,257.14
2024,226.29,121.58,249.44
2024,227.27,124.05,253.21
2024,226.43,124.67,255.76
2024,224.29,119.93,225.99
2024,220.35,116.61,226.0
2024,219.0,116.18,222.28
2024,218.81,116.26,234.27
2024,219.83,111.97,232.41
2024,223.32,118.32,234.68
2024,223.97,120.14,231.87
2024,225.09,108.7,216.13
2024,213.02,103.39,203.88
2024,209.52,107.69,202.9
2024,213.16,108.78,203.49
2024,213.72,105.48,200.7
2024,216.29,106.58,200.88
2024,219.27,111.05,199.26
2024,221.65,116.21,208.49
2024,222.78,118.58,208.44
2024,225.1,123.22,215.88
2024,226.58,124.98,219.8
2024,225.74,129.98,222.98
2024,226.92,129.86,228.22
2024,227.73,129.33,224.66
2024,228.09,130.73,224.8
2024,227.97,129.58,221.48
2024,227.03,131.24,219.09
2024,228.6,129.18,215.66
2024,229.61,128.31,211.84
2024,232.66,124.41,214.89
2024,230.15,121.73,214.57
2024,228.75,116.19,219.9
2024,221.54,113.25,222.22
2024,225.23,109.63,235.0
2024,224.99,108.13,233.6
2024,221.03,106.53,219.87
2024,221.24,109.38,226.4
2024,222.84,117.17,228.47
2024,223.3,120.78,231.45
2024,223.79,119.95,232.67
2024,216.98,118.17,229.96
2024,216.66,118.79,234.57
2024,222.47,117.69,235.68
2024,229.57,119.65,244.24
2024,232.83,118.61,243.99
2024,229.2,116.98,250.0
2024,229.1,121.79,257.19
2024,227.04,124.93,257.05
2024,228.25,127.66,261.75
2024,229.27,124.02,260.7
2024,232.74,121.49,264.86
2024,229.4,122.43,263.98
2024,227.12,119.37,251.16
2024,226.56,124.35,249.79
2024,227.75,125.03,250.96
2024,225.44,130.63,249.83
2024,225.73,133.47,246.21
2024,229.5,134.51,247.43
2024,229.25,134.99,242.79
2024,229.16,135.77,223.34
2024,231.48,139.59,221.91
2024,237.23,138.56,224.26
2024,231.86,136.61,222.82
2024,233.59,140.88,222.08
2024,235.92,138.89,222.28
2024,236.59,143.7,220.48
2024,235.96,144.41,218.22
2024,234.88,142.42,218.72
2024,230.57,141.34,262.12
2024,232.96,144.12,269.49
2024,234.47,143.13,273.54
2024,234.07,142.25,264.98
2024,233.21,140.32,263.35
2024,229.58,137.6,259.75
2024,225.1,137.3,254.0
2024,222.55,138.95,248.9
2024,223.7,140.36,255.28
2024,225.82,146.48,289.59
2024,227.63,148.92,299.75
2024,228.66,149.76,328.71
2024,225.7,148.84,358.64
2024,225.59,149.64,345.84
2024,226.65,149.32,344.6
2024,228.87,148.99,329.98
2024,226.92,145.23,324.68
2024,229.74,141.54,348.55
2024,230.16,147.12,347.38
2024,229.93,147.55,346.6
2024,230.16,152.88,347.99
2024,230.72,147.15,361.53
2024,233.25,142.04,361.93
2024,235.57,139.29,346.96
2024,235.69,137.21,342.55
2024,237.81,139.34,345.45
2024,240.79,140.44,360.0
2024,242.76,140.53,355.69
2024,244.11,145.78,358.1
2024,244.54,146.54,375.43
2024,244.63,145.7,389.49
2024,247.24,139.95,404.8
2024,248.21,141.82,409.73
2024,250.8,140.17,424.88
2024,248.74,138.44,429.3
2024,249.29,139.6,436.3
2024,251.38,134.4,463.19
2024,253.83,131.59,483.99
2024,254.28,136.7,488.54
2024,252.0,134.03,456.36
2024,255.0,135.28,447.08
2024,255.65,139.79,434.51
2024,258.21,141.9,462.78
2024,260.1,140.85,465.33
2024,258.7,139.02,450.0
2024,253.5,140.27,427.0
2024,253.28,138.07,427.93
2025,249.1,138.88,392.73
2025,244.18,144.9,411.88
2025,247.33,152.16,426.43
2025,245.55,153.13,414.33
2025,243.71,143.95,402.5
2025,240.16,139.92,399.28
2025,234.67,133.49,403.79
2025,236.12,136.38,422.64
2025,238.96,136.45,429.8
2025,238.01,138.75,424.0
2025,232.29,138.5,439.74
2025,224.42,141.83,433.2
2025,224.12,147.79,428.0
2025,227.03,147.23,420.73
2025,225.63,148.97,418.88
2025,232.15,128.4,406.69
2025,240.19,129.0,400.59
2025,239.86,126.89,398.59
2025,240.79,125.0,412.5
2025,247.19,127.85,419.99
2025,231.83,118.57,389.17
2025,233.13,121.2,394.0
2025,232.67,125.0,388.39
2025,233.8,128.77,375.4
